Id,OwnerUserId
51974383,6196841.0
52057408,3602058.0
52093232,2538530.0
52001694,9824070.0
52126065,1634263.0
52070247,4658678.0
52105225,3707555.0
51991404,6872018.0
52090842,6676972.0
52058409,10284829.0
51962515,1107129.0
52081388,168048.0
51953109,8627030.0
52051459,995781.0
51988439,5486116.0
52023726,292291.0
52011686,10271236.0
52098061,6507405.0
51986244,4346275.0
51980596,8868505.0
51944296,1197804.0
52125150,4469944.0
51999232,8655052.0
52076009,8274092.0
51965342,6899919.0
52008034,1928337.0
52057828,1667584.0
51950785,3465318.0
51946603,6677551.0
52062284,5798891.0
52104915,8042095.0
52099128,10285933.0
52011129,7762785.0
52097737,6566294.0
51953129,10255841.0
51996128,5207332.0
52031350,10277547.0
51976057,139698.0
52041354,6621807.0
52098392,3393354.0
51942114,7739760.0
51982133,6899919.0
51993175,6872018.0
52092546,1854083.0
50527363,9774735.0
50598938,9684016.0
50584687,4486280.0
50686734,5123722.0
50677506,3612242.0
50583823,1776268.0
50645878,8054579.0
50635469,2040540.0
50563413,649605.0
50555353,3673633.0
50629814,962746.0
50663047,3907459.0
50531553,5165118.0
50651256,139698.0
50566406,7124676.0
50700178,7290033.0
50628676,4471919.0
50647694,1638590.0
50653819,9884076.0
50688223,3205479.0
50678338,2345933.0
50697247,9706058.0
50552293,3903417.0
50672490,3184308.0
50707566,9706058.0
50562495,2077788.0
50673143,4284622.0
50506101,7597158.0
50702676,3732480.0
50571546,9860160.0
50627087,1736601.0
50634072,1611996.0
27116051,4047904.0
26975640,341177.0
27054162,2803135.0
27007353,4009451.0
27347820,2188014.0
26866479,1509755.0
26705784,127320.0
26706240,127320.0
26800452,2824333.0
26854986,1387421.0
49861169,3620559.0
49817769,2766417.0
49818943,9640403.0
49683432,5457533.0
49793326,5268774.0
49880941,3253853.0
49771449,4370901.0
49843956,9648836.0
49709956,2292326.0
49848942,9556049.0
49809651,175057.0
49708997,9495775.0
49849813,9131586.0
49823345,805970.0
49875284,3253853.0
49777963,6460216.0
49836268,6093604.0
48841121,5900555.0
48824086,5246052.0
48966893,7337938.0
48840474,2781389.0
48833778,2403526.0
48873507,7337938.0
48869041,117700.0
48850386,9376319.0
48959272,7595191.0
48962157,6508244.0
48984289,1885419.0
48909754,2508038.0
48983199,2320335.0
48949396,8838143.0
48836908,5099097.0
48961984,2443879.0
49000291,5701606.0
48942153,2224344.0
48912603,1387080.0
48980066,1928337.0
48979234,2595859.0
48882829,7337938.0
48961000,5705247.0
48993781,1613902.0
49013500,3342427.0
48984610,2902605.0
49021899,4266570.0
48914388,8808456.0
49026008,8231671.0
48925813,7431823.0
48835919,7101706.0
48838101,2861312.0
48934158,5007657.0
49019203,199684.0
48906817,5705247.0
48971368,5705247.0
48963386,2750505.0
49004413,6224798.0
48921774,5705247.0
48949794,9401863.0
48863771,6242317.0
48956086,8585609.0
48900551,5705247.0
48861926,5705247.0
27865814,2236664.0
27838280,4064296.0
27752201,3451235.0
27723156,3527207.0
27865238,2858871.0
27790905,3477712.0
27839789,312586.0
27891019,355742.0
27857790,445572.0
47133571,1224482.0
47269095,8387423.0
47236551,701829.0
47318596,7949022.0
47129599,2759366.0
47312403,5701606.0
47162798,6266521.0
47324184,1645230.0
47324935,8735568.0
47145930,1526119.0
47224077,8735568.0
47271002,8158171.0
47319604,7520864.0
47119752,2655756.0
47311911,1202726.0
47265946,8735568.0
47163923,2446799.0
47143597,3945085.0
47275278,7827582.0
47181503,8407472.0
47287743,4830250.0
47314410,3890902.0
47330878,3218618.0
47304927,7364015.0
47196334,1348107.0
47202936,7175427.0
47282162,4074186.0
47191332,8093707.0
47295217,2325154.0
47146939,998692.0
47335455,117700.0
47296131,611437.0
47258026,2044343.0
47276560,1508189.0
47228231,1712880.0
47184194,5424566.0
47329630,1668069.0
47178056,8881119.0
47309649,5772498.0
46464455,2149414.0
46321751,7387700.0
46308297,6806646.0
46434569,1987258.0
46334096,936305.0
46333428,3475216.0
46283367,3153769.0
46390552,7574116.0
46333040,4087691.0
46386326,1042646.0
46263443,3585050.0
46315996,4610451.0
46453981,6382602.0
46311488,6716610.0
46462610,1405511.0
46453447,3066788.0
46370014,7926795.0
46388219,771061.0
46377039,1553519.0
46425554,4252764.0
46343630,7680381.0
46364880,1667880.0
46329712,763398.0
46321680,4137300.0
46291406,2442190.0
46432262,6225547.0
46404449,1651778.0
46471625,590459.0
46451544,5721304.0
45526675,7887295.0
45413309,8123203.0
45441593,1854345.0
45396642,3877872.0
45528718,3877872.0
45530657,921054.0
45550556,1677909.0
45468971,252579.0
45489456,902396.0
45431599,2239843.0
45420766,5390183.0
45424413,6256287.0
45538292,3739116.0
45467995,4962437.0
45559979,5219482.0
45363163,2396010.0
45554704,6586594.0
45533748,2589030.0
45380558,6095381.0
45412334,1340439.0
45579511,1667188.0
45453061,765964.0
45449806,8371788.0
45498517,8024812.0
45515650,1845593.0
45551966,1660075.0
45542936,568844.0
45484451,6255699.0
45400096,3222249.0
45398103,3022127.0
45524591,7929017.0
45546510,5479655.0
45534252,1247777.0
45374744,1235354.0
45474338,1493808.0
45371705,1197804.0
45426194,1715584.0
45510905,5506061.0
45390260,3218618.0
45486658,341311.0
45547556,301957.0
45567201,8081281.0
45544777,2750476.0
24787801,455553.0
25824957,683077.0
25812816,459185.0
35315679,3191309.0
35314963,5902017.0
35329128,5437796.0
35304113,2241463.0
35264620,3572717.0
35348080,260511.0
35379246,770950.0
35267071,4886861.0
35361819,1976429.0
35324974,1100135.0
35409492,2028135.0
35286730,5902017.0
35368503,4134826.0
35223505,1340582.0
35289988,636472.0
35381163,4335622.0
42822348,1622551.0
42810364,6752498.0
42741917,5483488.0
42836979,2849613.0
42769855,4220846.0
42651456,3868848.0
42674145,4473711.0
42648060,6873797.0
42816444,5398105.0
42641804,6312516.0
42788267,5964524.0
42667203,885203.0
42642688,921335.0
42630302,1575362.0
42691892,4684766.0
42711116,1188137.0
42653725,3831934.0
42778151,322988.0
20693516,529187.0
25600580,348545.0
25595492,355401.0
36291878,342534.0
36152538,5755581.0
36176403,2721773.0
36307211,218635.0
36285239,710817.0
36265833,2119522.0
36197572,1036494.0
36188740,672246.0
36318795,1042646.0
36174288,2771818.0
36144330,2483271.0
36272482,455553.0
36137802,3517383.0
36157778,6094437.0
22513893,2868740.0
30915043,4011845.0
30908725,2968101.0
30991404,442008.0
30995669,2968101.0
30908112,540339.0
30910817,1138353.0
30800908,2149851.0
29148547,4194831.0
29117570,317384.0
29128437,3303215.0
29303048,317384.0
34722107,2962149.0
34586306,1862487.0
34652782,394278.0
34730542,639172.0
34525969,1925189.0
34676168,4189441.0
34660949,1584951.0
34640611,837173.0
34637868,1267131.0
34578641,4064296.0
34604106,3510933.0
34534079,2217011.0
34526251,4021836.0
34593341,4189441.0
34575783,4189441.0
35555602,4226056.0
35501600,5097551.0
35613841,321946.0
35632607,4317945.0
35617996,2028135.0
35465175,4746930.0
35549233,5755581.0
35441660,2585494.0
35589045,1340582.0
35531784,1828162.0
35589008,1340582.0
35639882,913622.0
35585519,5043003.0
35600997,3731014.0
39866282,1739895.0
39888480,1743843.0
39920488,401025.0
40010594,6012980.0
39981115,105678.0
39888380,1302488.0
39916051,2558023.0
40044128,4469944.0
39990666,5099041.0
39941660,0.0
39982623,2737240.0
40068318,1939589.0
39876079,6523944.0
39967784,1157070.0
39956391,4340987.0
40068013,564490.0
40034001,184773.0
39936184,3886641.0
40036030,1662570.0
40058568,4088940.0
40081965,2201868.0
40082248,685091.0
39891218,2009079.0
39913816,6825250.0
39998701,4324880.0
39932500,6750653.0
29924248,399113.0
30000824,1326627.0
30053782,2968101.0
29888108,3894414.0
30027545,3663974.0
33926707,1196369.0
34023438,2135094.0
34043861,2356907.0
33881958,5592111.0
33952306,2968101.0
34020234,2112409.0
34049118,87796.0
33869866,3947391.0
22987482,3518968.0
30648139,2554190.0
30739851,2410065.0
30583466,609440.0
30613574,2205763.0
30772774,3602683.0
30649582,180253.0
30621628,4101793.0
30732982,648325.0
30648096,444583.0
34402406,639172.0
34376576,2086806.0
34341322,4049525.0
34424706,4499414.0
34502682,1044417.0
34316241,526390.0
34498033,5682222.0
34450732,458870.0
34439201,413537.0
34357893,2180959.0
34406896,2038901.0
34301614,5043003.0
34503547,4344538.0
34295221,4207875.0
34442192,5700967.0
38471362,2680392.0
38504315,5318874.0
38576865,2272439.0
38511443,852001.0
38614201,1572028.0
38508387,4710796.0
38687434,2903188.0
38647186,1383163.0
38629740,5985566.0
38554037,310648.0
38565470,6593794.0
38615132,737629.0
38492388,1042646.0
38627025,4664675.0
38492639,3345282.0
38633023,6544712.0
38629237,3547851.0
38507565,5712607.0
38480000,699426.0
38466167,4535097.0
27489124,257535.0
27470721,43365.0
45626777,297115.0
45622414,3837778.0
45766604,892628.0
45698451,2239843.0
45789168,8459156.0
45771097,7738040.0
45626670,7035592.0
45637090,1075289.0
45771237,7652010.0
45735971,1147536.0
45630225,3768028.0
45695032,260511.0
45655728,8372287.0
45782033,568844.0
45666983,7637321.0
45648115,589490.0
45661006,4877440.0
45667346,1079877.0
45776238,6723763.0
45629284,3609849.0
45597395,8286947.0
45794390,7731375.0
45779616,6546074.0
45682321,3457177.0
45625886,1773216.0
45729153,5542014.0
45644454,8452960.0
45755580,7395103.0
45592666,8269045.0
45757001,7200088.0
45688730,4760425.0
45762128,6823013.0
45751211,543814.0
45598647,5974948.0
45673863,5479655.0
45642575,3837778.0
45791262,3248096.0
34094882,4811540.0
34158847,1558717.0
34109946,1847482.0
34077752,3230694.0
34163944,4237127.0
34230517,2587904.0
34180115,2180005.0
31962345,435478.0
32106454,511837.0
32167881,702246.0
32093067,941913.0
32071088,2032333.0
31973473,433344.0
39343694,826068.0
39260387,6779932.0
39348995,2240780.0
39369856,2620759.0
39388560,2546916.0
39224930,2799357.0
39323769,2009079.0
39215533,1653027.0
39364901,2248014.0
39268365,132257.0
39228311,6774299.0
39323491,2688174.0
39306577,450602.0
39364466,2254364.0
39367722,1513980.0
39361356,4012006.0
39358842,3862378.0
39172786,3553550.0
39305118,3645827.0
39338259,4318414.0
35756663,1459144.0
35772518,4834520.0
35875489,673680.0
35820780,1325185.0
35862481,1353182.0
35730116,438604.0
35882330,3047741.0
35684313,1222654.0
35890054,2864719.0
35817536,2587904.0
35838016,4511101.0
35673254,2101353.0
35743527,5437346.0
35751630,4083513.0
28997963,1821792.0
28942614,459329.0
29071226,497300.0
28930710,1118323.0
30273152,3056507.0
30209442,60188.0
30237292,15441.0
30288968,450602.0
30267737,1241201.0
30173267,520730.0
30116581,2205763.0
30296587,2205763.0
30286443,2537772.0
30213456,96855.0
32604241,959664.0
32534401,5327398.0
32529742,1988876.0
32532736,4027492.0
32574103,721666.0
32481469,285288.0
32470907,2129139.0
31206417,1344546.0
31095177,595943.0
31135664,1659746.0
31046924,506712.0
31044380,2968101.0
31190685,0.0
31031865,461800.0
31141688,2135159.0
31104540,934439.0
31201083,399104.0
31047564,5048354.0
31161436,2318656.0
31088764,4683657.0
31097306,5057662.0
31165181,1434854.0
47479663,4916475.0
47529688,8631413.0
47335582,7994751.0
47465212,2514645.0
47469430,8943842.0
47486390,5294769.0
47427629,5077196.0
47398736,5394713.0
47451190,6814073.0
47456945,466521.0
47379427,7574116.0
47366889,7174053.0
47451612,1298045.0
47474453,8918241.0
47515021,2361365.0
47357038,980515.0
47343439,1372978.0
47527983,7600634.0
47461815,5848207.0
47348422,1891398.0
47544877,5606133.0
47380189,592015.0
47364834,3924219.0
47516458,852330.0
41270649,4820510.0
41335071,5421659.0
41433856,860099.0
41293238,305665.0
41247817,2042097.0
41408847,1407328.0
41400158,7358652.0
41329351,5203951.0
41287712,2042097.0
41358754,6147315.0
41431506,3361529.0
41285879,4959044.0
41262716,941499.0
41445442,5203951.0
37389481,851749.0
37427976,2671856.0
37439039,2964293.0
37336871,575085.0
37461203,6386236.0
37413626,23562.0
37523631,3647105.0
37395986,4694344.0
37521011,837342.0
37528335,1042646.0
37405221,6339234.0
37509121,278984.0
37409153,5471259.0
37445823,4289365.0
37403682,3795379.0
37457765,6339234.0
34903605,299702.0
34767582,625348.0
34973165,441889.0
34841789,5801720.0
34973135,4189441.0
34774290,4328316.0
34909182,1015136.0
34841907,3601411.0
34889229,511837.0
34794630,3305976.0
34790550,978164.0
35179495,497209.0
35065875,1775604.0
35135884,5868674.0
35039565,5213999.0
35113957,1853171.0
35140042,215993.0
35198346,283851.0
35040975,455042.0
35172625,3375378.0
43476908,4207462.0
43378986,4664543.0
43319806,2204202.0
43340819,1278765.0
43378165,3154653.0
43492974,4207462.0
43502357,1949796.0
43395580,2101345.0
43440170,7875136.0
43350853,1795229.0
43379048,7733281.0
43426699,2288991.0
43374386,3096803.0
43512572,5113666.0
43465704,921054.0
43515765,606580.0
43313424,68612.0
43382402,1807888.0
43497790,1420100.0
43515150,7894637.0
43498534,7206554.0
43446605,3734081.0
43383125,7520792.0
43529266,105678.0
43489589,1978395.0
43350278,247216.0
43418403,2711378.0
43328943,1385174.0
43384538,5107842.0
43306842,1173307.0
43424176,1420100.0
43326844,1679307.0
43460615,7733281.0
43369008,551049.0
43396744,2600522.0
26616962,1863694.0
26491425,141257.0
26529567,327702.0
26611387,1702313.0
33315965,1689858.0
33228178,1525691.0
33179127,1870400.0
33187526,2162144.0
33180090,4888332.0
33308154,5402844.0
33194778,1268688.0
33165216,1019435.0
33125508,631333.0
33291874,2079172.0
33202053,1757145.0
33287495,2663572.0
33335786,895659.0
30449278,1697203.0
30496218,1420921.0
30422184,396090.0
47918407,2475951.0
47888172,8205822.0
47833668,5077196.0
47917777,7867528.0
47916614,1661418.0
47804267,8442286.0
47885225,1108064.0
47915099,7606002.0
47935575,1107694.0
47766808,8735568.0
47767993,1967868.0
47765389,7726319.0
47939726,1076232.0
47915158,4704522.0
47774291,4677485.0
47922096,3863943.0
47971020,5539716.0
47908754,8735568.0
47889886,3609255.0
47939451,1071515.0
47934052,6203524.0
47837207,7873775.0
47835162,8117489.0
47957575,1180020.0
47889115,5055717.0
47860278,320587.0
47938835,260511.0
47793065,3967289.0
46956866,8838143.0
47089196,5512095.0
47013636,7912321.0
47069673,8295908.0
46997840,6124024.0
46936582,5707573.0
46949073,1920999.0
47020906,4684626.0
46961616,4965623.0
46934916,1203333.0
47020319,5560606.0
46975781,991628.0
47058984,8869151.0
47042162,387774.0
47007159,1518668.0
46920685,2928710.0
47049241,8470712.0
47023636,8761117.0
46947124,3273299.0
47077380,8735568.0
46924175,908874.0
47017657,2929562.0
47017875,762421.0
47061556,4054447.0
47071729,5856562.0
46947956,2182226.0
47050984,1711762.0
42140285,1729795.0
42134186,3142695.0
42006876,5967828.0
42060090,44512.0
42073576,4423889.0
42115903,3765648.0
42025000,3501052.0
42105805,2185032.0
42079952,1893668.0
41942024,7488248.0
42062199,1589549.0
41983447,227705.0
42142284,1729795.0
42002512,2318227.0
42053559,464610.0
42046797,5420432.0
42061684,4709792.0
42096392,7530226.0
44905869,2006313.0
44998425,5988699.0
44923182,1663462.0
44984823,8086746.0
44941218,3047241.0
44939302,7434324.0
44928556,2484748.0
44965110,8269045.0
45002471,182671.0
45058457,8295908.0
45052215,1460382.0
44949367,1233351.0
45072041,7492114.0
45052239,487291.0
44980176,3393799.0
45111662,3555583.0
45080886,989369.0
44996290,5620472.0
45088519,8303779.0
45115860,8311166.0
44946517,7434324.0
45056729,4239859.0
45085790,656094.0
45099677,2371715.0
44977364,6293214.0
45047011,5675130.0
45095183,3511426.0
45031529,5098805.0
45007694,3289816.0
44927532,8086746.0
44988481,3492805.0
45023334,1923467.0
44936115,5343268.0
26247474,202859.0
26218391,4113604.0
26331854,3870319.0
36586934,1710444.0
36573857,5969171.0
36599435,5969171.0
36569703,2068521.0
36541906,3700626.0
36479452,1687972.0
36570654,2587904.0
36422243,6135767.0
36519652,5369087.0
36582126,3517383.0
36415988,544499.0
36407520,3009289.0
36571963,569544.0
36400599,421753.0
36461493,5043003.0
38461294,6410092.0
38265103,2746227.0
38377156,4639029.0
38435582,310648.0
38460678,5712607.0
38254720,6562537.0
38328727,3007565.0
38440876,2997162.0
38380827,2971116.0
38389706,1702069.0
38453830,5284021.0
38297333,839733.0
38352227,15441.0
38397672,4219776.0
38230495,5118336.0
38403001,3550875.0
50785058,1319799.0
50796780,4517576.0
50736767,3113954.0
50783648,3398989.0
50771405,4993125.0
50891973,8715170.0
50830715,1062015.0
50718353,6249921.0
50835951,9935604.0
50800231,3355776.0
50772902,3310115.0
50889657,1839104.0
50873541,346629.0
50820762,2901129.0
50893043,4247860.0
50734807,6792646.0
50775206,6235175.0
50841501,2289426.0
50816609,529296.0
50887887,2810311.0
50902528,186820.0
50725904,9706058.0
50779254,3658166.0
50856401,5666309.0
50835738,9935556.0
50876475,1688479.0
50903364,5188207.0
50828793,3016392.0
50845313,4247860.0
50790960,7147234.0
50801690,9926077.0
50810342,9674208.0
50849415,2469871.0
50891382,1707312.0
50814965,3016392.0
50759872,937440.0
33059557,3536548.0
33118913,59724.0
32996097,1364684.0
33078422,5423180.0
33033834,1107537.0
33041733,902383.0
32945623,1445898.0
28387907,2638485.0
28572202,3080422.0
28581644,162622.0
28565187,3467037.0
28607400,2236664.0
28500066,473749.0
46615008,5634661.0
46657234,4409705.0
46583498,8034738.0
46644740,4861032.0
46677030,8755281.0
46600671,231582.0
46682651,5555681.0
46643268,701829.0
46566667,2520207.0
46689798,7458937.0
46476437,4352790.0
46476622,1464660.0
46521195,5946299.0
46532286,4884808.0
46571540,1322563.0
46562115,1711882.0
46514002,2182398.0
46660853,7925728.0
46564574,7750824.0
46623194,3795212.0
46586380,4539470.0
46605663,3252252.0
46575898,2828480.0
46581254,6768051.0
46585082,5506061.0
46668418,3356278.0
46522304,7570121.0
38178535,5820341.0
38048683,4723795.0
38186942,2246263.0
38099204,2763256.0
38071714,2993860.0
38121112,5085485.0
38106036,1094821.0
38164006,2651885.0
38070572,1718686.0
38168658,1725624.0
38023093,526592.0
38049334,403617.0
38224152,2254364.0
38045423,740175.0
38125926,5686594.0
38197629,5820341.0
38172510,2651885.0
38049329,3645827.0
38006427,825920.0
38178208,2535215.0
40737349,985395.0
40691082,4050456.0
40669943,7176449.0
40688160,913622.0
40719381,411632.0
40671392,1866300.0
40556757,1669464.0
40734086,1682401.0
40702179,2981597.0
40564595,3399047.0
40585401,411632.0
40735590,5409999.0
40784804,3209319.0
40586946,1589549.0
40685900,4734831.0
40564979,4986626.0
40660163,7174012.0
40645778,1914493.0
40660618,3399047.0
40574379,312444.0
40760397,4809675.0
40657733,6793312.0
40733857,913622.0
35913253,5520357.0
36129008,1500698.0
35928639,299152.0
36049030,1478191.0
35926145,3490004.0
36116835,1845545.0
36083504,5153594.0
36080524,1313884.0
36026454,3047741.0
35914674,2483271.0
36734091,2944955.0
36832219,3837883.0
36681094,1669106.0
36627628,4917760.0
36642718,4605202.0
36812791,1124180.0
36615117,4603448.0
36698706,5969171.0
36715395,3102968.0
36719045,1100135.0
36775802,795168.0
36760694,629222.0
36680157,6216750.0
36694873,4075772.0
36792713,1792564.0
36660279,3644938.0
36638486,6102669.0
36705199,5136650.0
36701111,1733881.0
36716838,306406.0
36645517,1203687.0
36744042,3455033.0
28114758,3017508.0
28112290,1585082.0
43926591,3497723.0
43950808,808096.0
43763479,3625317.0
43943033,4149331.0
43983286,5794266.0
43835206,7027494.0
43939970,6390921.0
43941794,3281900.0
43814764,0.0
43763418,440422.0
43896718,6181657.0
43927492,3520881.0
43870576,5113666.0
43792085,766118.0
43785728,685091.0
43979597,2519577.0
43892712,3378434.0
43821553,5456690.0
43850359,7565967.0
43910795,2572602.0
44902847,678853.0
44769245,6288234.0
44870461,8205906.0
44690557,1455043.0
44774754,811071.0
44839692,3310115.0
44893574,8250397.0
44886715,2487224.0
44765491,3943702.0
44722194,1629171.0
44803729,476048.0
44882977,3701985.0
44704629,925714.0
44697767,4453462.0
44785897,4524867.0
44687892,2214751.0
44810758,2976358.0
44884316,7728822.0
44873885,477955.0
44692737,6555593.0
44901467,3185908.0
44785105,8081281.0
44797253,3239907.0
44786479,5285062.0
44758955,5545789.0
44781219,6016388.0
44692442,3585050.0
44802594,5403074.0
39742117,1649225.0
39668149,428454.0
39848800,0.0
39696697,5284778.0
39721791,835058.0
39686227,624884.0
39686804,814814.0
39763013,1866300.0
39741506,1743843.0
39839881,2803046.0
39672919,1834774.0
39764239,2108278.0
39852947,1780700.0
39683166,6876610.0
39788745,374320.0
39658735,685091.0
39721025,6886846.0
39690572,3148054.0
39791667,3645827.0
39690815,1589549.0
49395113,8328365.0
49273441,1488055.0
49264474,8050062.0
49377817,1233826.0
49345233,919480.0
49324723,7173575.0
49284804,7173575.0
49352887,6093604.0
49349235,359417.0
49421760,1000165.0
49334373,1749786.0
49308482,399275.0
49260669,6585764.0
49450592,6629704.0
49443206,9517937.0
49384819,7874815.0
49344182,1920113.0
49353369,1839104.0
49252691,351879.0
49302010,6762442.0
49393058,2972326.0
49390064,218635.0
49292843,2870572.0
40786831,3364697.0
40938756,5121282.0
40815723,6238925.0
40837178,4185205.0
40927853,591860.0
40876048,3166160.0
40910259,411871.0
40960601,2217600.0
40918134,2194364.0
40966759,4318281.0
41008507,1677909.0
40930432,7235836.0
40988204,5561773.0
40947247,3076730.0
40938088,5705247.0
40936597,2280027.0
41010290,3486720.0
40829959,1262319.0
40960054,157017.0
40832097,3127632.0
40932850,4870349.0
40880443,1353809.0
40900818,312201.0
40807355,120981.0
40856925,3685587.0
40884616,5363076.0
40972026,567328.0
40890804,4712061.0
40840470,701829.0
40807126,5270073.0
32373324,1313884.0
32392202,3102968.0
32248896,2375666.0
32217639,1343096.0
32369075,2080079.0
32334161,4009451.0
32398245,4644434.0
32364506,4240774.0
50314370,1606649.0
50380259,9802771.0
50389344,3607513.0
50310975,3466664.0
50363538,9556049.0
50397998,6523297.0
50320908,1413279.0
50361821,2419434.0
50312750,7707677.0
50406887,357366.0
50344525,8236137.0
50484505,9774735.0
50417003,1569670.0
50438873,1200114.0
50439512,798746.0
50340234,2619748.0
50324219,1103397.0
50448620,8078899.0
50405838,2674303.0
50435696,2362973.0
50484157,3493153.0
50410038,1839104.0
50387947,2674303.0
50334652,6825613.0
50434941,7368584.0
50415015,9797998.0
50338845,5072383.0
50435154,2397226.0
50499849,2695504.0
50390452,7113481.0
50328886,3759528.0
50430808,0.0
50400384,3455589.0
50392109,1167996.0
50454109,7638179.0
50427036,4442344.0
50455134,1090265.0
50401105,2250200.0
50350198,691183.0
25965275,4056930.0
25974964,614141.0
31605799,333643.0
31608784,2486743.0
31493493,1222729.0
31525237,1988876.0
31510697,941913.0
31717615,2317381.0
31573823,5145342.0
31546631,1685095.0
29731394,3508607.0
29821391,2509595.0
29610354,2968101.0
29831699,3666413.0
29825744,891441.0
29775643,4194831.0
29689630,3894414.0
29787063,934876.0
29830038,345588.0
29636094,2968101.0
29636899,4101793.0
29704842,4801939.0
29669180,2968101.0
29761872,364098.0
29644916,1620081.0
31801057,4353754.0
31912285,2194137.0
31845342,5196129.0
31764926,1236501.0
31842622,1313884.0
31786040,925141.0
37617556,889309.0
37697171,1808649.0
37537605,5888829.0
37739538,5012278.0
37555434,1245668.0
37706697,625348.0
37684678,1378525.0
37750547,2182398.0
37684053,1808649.0
37738759,522757.0
37750638,3102968.0
37632735,1390902.0
37699062,1016265.0
37749087,2408961.0
37662379,6431328.0
37727820,2243610.0
37693542,798735.0
37711051,1935918.0
37679132,628714.0
37715875,1225551.0
37615250,831553.0
37715757,1635855.0
37634349,2180005.0
43041563,2849613.0
42981194,1056679.0
42843777,5398105.0
42969532,4544963.0
42873668,312444.0
43058415,1911755.0
42846703,1397518.0
42899966,7738919.0
42934172,2972221.0
43018613,1863627.0
42922250,3927143.0
43018514,2849613.0
42949138,5353059.0
42928059,744839.0
42958561,6268237.0
43034203,1790300.0
43056426,105678.0
43057349,4624968.0
43055993,4624968.0
43032883,1911755.0
42918707,1669106.0
33726653,3230694.0
33780962,304849.0
33763271,2655332.0
33772776,667800.0
33659658,3230694.0
33805449,1978285.0
33669733,2180005.0
33680497,835883.0
33814080,4403842.0
33706599,2156341.0
33712470,5562637.0
33798965,260511.0
48616949,7438973.0
48743105,0.0
48803038,6024969.0
48799257,7100519.0
48653762,3764306.0
48788264,1210757.0
48677693,2585494.0
48667874,7084252.0
48663545,1632961.0
48707364,651422.0
48715395,3584729.0
48699742,1675976.0
48726644,2257925.0
48687955,2761509.0
48635782,5715934.0
48671754,1090265.0
48633781,1541609.0
48791411,649811.0
48804675,2890048.0
48699765,3113910.0
48650993,3734640.0
48660912,5316642.0
48784283,1645230.0
48753245,3368262.0
48808722,5047142.0
48784692,8374229.0
48763985,8735568.0
48624302,9094803.0
48801894,6029176.0
48732814,3256597.0
48805353,6242317.0
48624757,3467733.0
48802787,5277471.0
48810786,4588730.0
48639206,3336921.0
48743223,2861312.0
48760583,3049524.0
48792602,4865559.0
48731168,3563737.0
48809275,4108590.0
48762736,5325589.0
47641231,168179.0
47622392,856498.0
47716674,1942614.0
47630891,5077196.0
47748434,8735568.0
47571761,9033318.0
47555732,8345238.0
47552159,5381825.0
47630168,4446877.0
47730089,3369837.0
47566892,2497115.0
47757342,1889864.0
47572543,5855232.0
47554214,852330.0
47650139,9055249.0
47613318,5479655.0
47727201,5705247.0
47607210,8776664.0
47633268,2660766.0
47656406,3609255.0
47647560,6863098.0
47566338,2273909.0
47680711,1967100.0
47736658,8048092.0
38931315,5284778.0
39139313,2240780.0
39068073,6329755.0
39014049,2621486.0
39126827,1696927.0
39044130,3644938.0
38970723,969328.0
38964840,2853228.0
38974070,3863943.0
39088230,1925997.0
39015444,1680802.0
39126454,2009079.0
39135928,5985566.0
38975554,1364771.0
39134238,1592213.0
39020065,969328.0
39056199,1455043.0
39154613,4164025.0
39118038,2254364.0
38966184,3391018.0
39071178,6741936.0
38989659,2068521.0
39096701,3645827.0
28339882,1648100.0
28329738,645654.0
28319278,4528092.0
31449013,2172625.0
31342583,1407949.0
31295897,1287386.0
31412249,342534.0
31404820,1445898.0
31468806,508957.0
31313170,1581325.0
31317470,1568270.0
41814001,2849613.0
41749456,6589814.0
41783283,4734344.0
41800036,8160856.0
41779458,615025.0
41853686,6400278.0
41745964,2753974.0
41731704,921187.0
41880229,1767308.0
41837933,5954938.0
41757509,4916475.0
41830058,3388184.0
41893494,1557112.0
41756234,5446671.0
41914911,3294568.0
41837637,7418474.0
41880524,1506920.0
41881610,7475541.0
41762928,576741.0
41745636,5848938.0
41903352,1432163.0
41746212,7441877.0
41795612,2849613.0
41809373,570002.0
41747165,157017.0
41776814,2928425.0
41893566,2314721.0
41832273,5954938.0
41850142,4383715.0
41783704,3679001.0
41739975,2629219.0
41824300,6400278.0
45847796,7491660.0
45992134,8381767.0
45853546,5538737.0
45934621,5213999.0
45820257,1499748.0
45998405,6602247.0
45964545,8537751.0
45928269,2485103.0
46022865,3213045.0
46002727,7471053.0
45990451,3046683.0
45830528,3390772.0
45929864,6647800.0
45866422,4737314.0
45917894,7434324.0
45848118,5479655.0
46031939,7789294.0
46014427,6786689.0
45869766,4557002.0
46021905,2700478.0
45964527,837953.0
45855433,300520.0
45886359,8517611.0
45996858,734702.0
51827636,2261925.0
51932126,5084982.0
51755653,5410511.0
51808975,4672397.0
51767389,7131294.0
51934410,6872018.0
51786390,9093646.0
51779798,7082599.0
51783877,10114335.0
51808718,427995.0
51929079,1197804.0
51829581,10221236.0
51868586,3105954.0
51936401,4752330.0
51923607,7127000.0
51916102,2226799.0
51918410,6872018.0
51908605,6872018.0
51861095,4229580.0
51939287,1805275.0
51855075,4169229.0
51798009,6569404.0
51924926,3682067.0
51842770,1532018.0
51794404,2005443.0
51932616,6872018.0
51861930,7320300.0
51907715,4470334.0
51878195,9242571.0
51918125,6872018.0
51921033,6872018.0
51810147,964947.0
51863914,2549020.0
51799330,7831388.0
51835569,705373.0
51863731,6872018.0
51781316,3902906.0
51842460,9326543.0
51926575,2396065.0
51911797,2932149.0
51821786,4860939.0
51889526,5889530.0
39428356,6817125.0
39604499,432047.0
39405067,0.0
39485459,2371715.0
39555686,1743843.0
39450504,799275.0
39591223,2371715.0
39593580,3645827.0
39425569,1009686.0
39615381,1087135.0
39476480,0.0
39622142,1624844.0
39414913,526592.0
39617171,1675642.0
39540366,6841141.0
39395503,6039232.0
39485766,4210830.0
39589556,601311.0
39467200,852243.0
39416301,1042646.0
39601492,2138633.0
39457873,3862378.0
39561186,3432386.0
39435028,4282677.0
41164987,1410512.0
41155377,3312025.0
41115982,101662.0
41194679,6549177.0
41174987,236126.0
41188108,6172009.0
41067341,6546461.0
41171413,1387080.0
41036330,4383715.0
41018981,5705247.0
41027573,7242067.0
41094112,2285855.0
41127782,618775.0
41082938,227705.0
41096759,142540.0
41041058,645924.0
41161769,4763929.0
41123857,645924.0
41039545,1646449.0
41024771,1057667.0
41086281,2455862.0
41019199,6829167.0
41036545,303810.0
37939567,2799226.0
37839701,1847148.0
37936588,685395.0
37849739,1241110.0
37830008,74012.0
37989016,3536548.0
37897876,2182398.0
37806128,511837.0
37915326,899039.0
37977210,5855116.0
37864491,5749474.0
37906461,4801091.0
37806275,4039842.0
37989803,4884486.0
37946486,6228494.0
37897058,4944649.0
37985551,2799226.0
37944398,3802902.0
37889067,6050943.0
37938389,4469944.0
37864255,5846345.0
37801454,5658049.0
37793364,800492.0
37854185,2535261.0
44579396,1762348.0
44564299,3418694.0
44602525,4173251.0
44601394,1726359.0
44625192,5904022.0
44535853,5348307.0
44610219,2214751.0
44521929,6062516.0
44458709,8137263.0
44626450,599920.0
44642751,1493808.0
44582199,1119364.0
44503237,1042646.0
44503321,1897839.0
44455242,6555593.0
44471051,193665.0
44540545,1122841.0
44651737,2214751.0
44456131,1376691.0
44571838,1720938.0
44645743,5554070.0
44619634,736910.0
44464660,4372824.0
44482448,5213999.0
44655441,5403074.0
44554638,2328781.0
44597832,5735967.0
44460206,5213999.0
44610425,4043593.0
44502869,6884373.0
44585239,5913755.0
44484346,2567005.0
44495957,7161899.0
50964458,8467343.0
51093230,741156.0
51071363,1818664.0
50971334,4287915.0
51035215,797473.0
50966737,3933785.0
51000111,837806.0
51008734,279028.0
50965591,1223817.0
51017164,4671628.0
51060417,2013645.0
50932766,7876302.0
51123104,4154302.0
50989454,2318834.0
51012725,4518540.0
51017946,6742686.0
50935969,9964004.0
50935415,6768051.0
51026313,1377182.0
51035930,1076703.0
50986816,1535747.0
51090375,4527149.0
51087521,3222249.0
50930291,5313728.0
50927770,5762424.0
51122354,1552494.0
51120978,2444661.0
51040814,6429614.0
51099034,9779490.0
49607242,5210171.0
49576208,4916979.0
49548508,4812900.0
49650746,4112702.0
49534740,7980673.0
49486062,148397.0
49476498,604237.0
49638004,2133381.0
49612911,1261913.0
49584617,8735568.0
49502594,2944955.0
49640387,4267356.0
49525246,6903497.0
49588249,2224344.0
49666398,2726496.0
49573552,7980673.0
49536335,6471151.0
49606124,9584581.0
49615519,5457533.0
49536369,8180257.0
49559239,2429966.0
49600833,2694452.0
49561411,9571042.0
49469599,2688485.0
49580394,3526468.0
49482516,4187091.0
49488573,4596645.0
49531349,4818810.0
49637598,3258440.0
49612709,376960.0
49579074,4479594.0
49610008,7616529.0
49490466,8735568.0
49659871,3254551.0
46813736,3865842.0
46696171,3583084.0
46742274,697630.0
46746885,1286941.0
46822414,56050.0
46807757,1047711.0
46759745,7379424.0
46783912,56050.0
46850814,3133133.0
46724191,4601598.0
46725906,7925728.0
46824730,3572215.0
46892720,1920999.0
46804482,1826788.0
46829594,1358676.0
46803321,1358676.0
46828175,7458937.0
46744067,7357839.0
46717204,8767338.0
46764158,1170756.0
46782161,8024812.0
46786169,8117489.0
43598939,7889714.0
43700905,7472990.0
43567411,6089396.0
43542042,7683711.0
43552529,6267171.0
43617787,6518361.0
43545080,2014334.0
43721197,1154248.0
43655652,7930700.0
43636544,4531977.0
43568325,5352526.0
43753039,7719775.0
43659872,2770460.0
43700824,1301268.0
43660545,3152238.0
43665011,5090826.0
43607751,5666231.0
43639036,1003808.0
43532494,1383500.0
43609390,810555.0
43657535,7931170.0
43612866,7437529.0
43689879,3022645.0
43584079,837542.0
43559197,4247860.0
43674924,2926377.0
43538070,7900291.0
43682155,3026283.0
43664192,2331746.0
43661844,7032335.0
43593778,2629026.0
43633659,3953989.0
51362482,2610292.0
51454135,6050113.0
51422793,1679903.0
51408476,5373288.0
51491162,8703545.0
51423358,139698.0
51422290,872487.0
51511923,4989264.0
51512075,10131573.0
51524648,2172731.0
51463528,1824361.0
51481780,5040777.0
51433860,872487.0
51371678,3440152.0
51469118,6311798.0
51477318,517123.0
51520654,8467343.0
51532187,8622785.0
51386591,5594926.0
51379968,2170547.0
51388064,3711445.0
51428155,672628.0
51505849,6676444.0
51392666,4244347.0
51368809,3744900.0
51531230,7683712.0
51541318,139698.0
51421205,91403.0
51530578,606006.0
51382040,3667792.0
51498267,3146344.0
51425111,397830.0
51419192,6050113.0
51454764,514329.0
51463258,5131929.0
51542629,263902.0
51542197,1987266.0
51515839,2933686.0
51416552,4516110.0
29387250,4194831.0
29591967,2968101.0
29479454,2051292.0
29460485,805704.0
29434226,0.0
28664781,4541683.0
28828573,717065.0
28635179,1113726.0
28727632,1419760.0
28767707,2166249.0
50227462,4138572.0
50280470,3091370.0
50225125,4597172.0
50295779,4301286.0
50217813,9603499.0
50221166,4733235.0
50261052,9627901.0
50159354,4343502.0
50139640,2924519.0
50248129,2853386.0
50284055,938268.0
50128046,15395.0
50184065,9743645.0
50264214,5829526.0
50278841,3082046.0
50111276,663853.0
50134195,2414674.0
50154865,1711670.0
50161783,4140698.0
50122851,2345933.0
50176793,5077196.0
50180928,3124148.0
50276356,3434403.0
50281965,5678853.0
50239555,7492327.0
50289509,7820032.0
50265973,9768696.0
50275156,990517.0
50289914,4343294.0
50270206,922584.0
50248560,6612922.0
51312350,1633190.0
51249515,1293719.0
51150957,9799209.0
51248930,630387.0
51259786,2713255.0
51250307,4834394.0
51143213,2750505.0
51170392,701829.0
51284332,5458827.0
51304242,9779490.0
51153850,1517321.0
51314434,6792447.0
51285225,4200001.0
51138147,10022013.0
51149979,2185032.0
51282283,5338243.0
51173039,1326367.0
51242037,813102.0
51191291,7337938.0
51317424,186820.0
51175627,1573556.0
51206924,8613705.0
51220369,5646111.0
51292640,7796182.0
51312346,437123.0
51224374,7448017.0
51282761,2726496.0
51277418,10062564.0
51280734,1153276.0
51272560,4413905.0
51238009,1611996.0
51300620,6250170.0
51189616,9210480.0
51227737,3973406.0
42428045,6116328.0
42449160,7579796.0
42394690,7583037.0
42498492,998997.0
42491958,7531008.0
42546246,5565855.0
42392789,7330994.0
42607458,655302.0
42499778,741174.0
42439626,913622.0
42393102,5954938.0
42595302,1619369.0
42395345,748323.0
42549749,6514731.0
42490380,7492114.0
42528718,1321564.0
42392301,4257705.0
42608033,1669106.0
42458964,6244459.0
42582463,105550.0
42571279,7643454.0
42527724,7639562.0
42397788,1028270.0
42562820,3443096.0
42400613,7606926.0
42435307,4684766.0
42519116,5386429.0
42404800,3486720.0
42484087,998997.0
42457900,1790300.0
42486386,1212017.0
42462663,1183671.0
42487685,6124024.0
42478361,7627929.0
42539505,1759614.0
42611968,3640901.0
40234243,1459144.0
40216232,6287214.0
40092551,1589549.0
40231507,1429846.0
40216362,5778246.0
40304324,7084856.0
40097751,1017111.0
40296029,83181.0
40238733,719278.0
40170212,6249883.0
40132631,6673314.0
40208887,4518057.0
40233978,1645120.0
40205675,1459144.0
40222469,1791815.0
40296598,649811.0
40201069,6357470.0
40108015,2861312.0
43208872,1196908.0
43151368,560043.0
43238799,1682401.0
43125393,3311276.0
43232660,5011654.0
43246560,3199335.0
43142821,1257185.0
43295417,872487.0
43264727,1163837.0
43132158,44512.0
43290480,1705705.0
43104831,7195037.0
43228611,919480.0
43167750,2066562.0
43088918,7296911.0
43187101,5427709.0
43177818,6514731.0
43243883,922581.0
43282528,6793312.0
43252404,5157477.0
43100199,4408125.0
43212533,2152061.0
43144337,2308151.0
43179951,632375.0
51584078,8082964.0
51615385,8939893.0
51545971,10140915.0
51651248,10127426.0
51579626,6050113.0
51593335,1781281.0
51610138,1433218.0
51558885,10143129.0
51726515,5159639.0
51665264,3391234.0
51673608,6694427.0
51552739,2063564.0
51602388,872487.0
51578263,7657943.0
51664743,8360221.0
51613104,10160422.0
51734131,1417996.0
51602270,256770.0
51557001,2299984.0
51603557,2463234.0
51573236,9953339.0
51726683,292291.0
51737931,8063400.0
51740873,5798312.0
51586999,3016392.0
51634486,1663618.0
51676756,10177269.0
51697673,6906610.0
51682257,771997.0
51641688,7351459.0
51670858,4283172.0
51733502,2540256.0
51734002,4530113.0
51623293,9851955.0
51679363,1691423.0
51627473,0.0
51566509,2704444.0
44029177,6815373.0
44060464,3301076.0
44117865,520209.0
44097193,6629762.0
44131588,2833802.0
44170365,4575082.0
44085454,4431921.0
44067979,4247860.0
44161386,103264.0
44114755,2518694.0
44000812,4025493.0
44124914,7261916.0
44203398,3356278.0
44105840,3909315.0
44113228,7949022.0
44183595,1312383.0
44038536,2271502.0
44096281,1159611.0
44083919,4431921.0
44129347,7527624.0
44177783,1666918.0
44043159,1638626.0
44167052,5786436.0
44157540,5328443.0
44065186,966698.0
44082917,758982.0
44056521,8033116.0
44169046,4357325.0
44063886,2518694.0
44115310,5877779.0
44181863,3073272.0
44177107,8064203.0
44021110,1430394.0
44148076,1493808.0
44084744,3475488.0
44065208,3662708.0
44195150,6188141.0
44000273,5231905.0
44186109,2362846.0
44198061,321946.0
44050579,660186.0
48327939,8261742.0
48277437,508219.0
48338676,369117.0
48361365,2629026.0
48208376,3342866.0
48385783,1623885.0
48363883,6233543.0
48308464,3125470.0
48295080,7464193.0
48279479,1682667.0
48397327,2300013.0
48341375,1755373.0
48241005,7321464.0
48384182,5295551.0
48344922,7903107.0
48269479,885363.0
48271960,5962.0
48251083,7151011.0
48261542,8374229.0
48347363,973795.0
48296421,3276084.0
48313647,6475860.0
48209566,1967100.0
48201224,4802448.0
48271493,9124444.0
48190148,2875005.0
48370641,7337938.0
48374452,8216501.0
48294450,589490.0
48549944,9296335.0
48536106,9292879.0
48479325,6569205.0
48571805,5981004.0
48460986,3887300.0
48458627,4041951.0
48515460,8160773.0
48473966,3649767.0
48437842,3661533.0
48487563,419156.0
48540114,3979851.0
48557437,8787614.0
48419410,5328163.0
48483491,2224344.0
48525262,6511448.0
48464383,3572733.0
48441868,4058098.0
48457264,5752016.0
48487098,2750505.0
48406730,1286433.0
48440783,1477769.0
48505946,6021597.0
48482639,167511.0
48604664,1049104.0
48531937,2254140.0
48493849,768066.0
48438747,1613902.0
37143689,6315631.0
37180556,2394816.0
37289634,839733.0
37247409,294181.0
37074642,6244459.0
37289487,839733.0
37213471,589407.0
37150273,1807118.0
37176069,1098606.0
37257673,6244459.0
37246989,5627348.0
37243939,1600851.0
37219072,6332162.0
37084619,216534.0
37148836,5767383.0
37254914,522374.0
37180375,1738252.0
37159662,1209187.0
32778803,0.0
32838312,589620.0
32831192,4709492.0
32715464,2684825.0
32889746,3307993.0
32863771,1807118.0
32741333,2663572.0
32750861,2062836.0
32887039,1807118.0
36957369,5136650.0
36876367,5224823.0
36840448,6164690.0
36858626,328560.0
36871886,3252326.0
36896418,1470311.0
36948775,3225105.0
36844842,4447761.0
36877722,1508665.0
36954140,1103144.0
36988921,5962051.0
36913462,2083957.0
36920620,3700626.0
41672971,7424615.0
41492081,387808.0
41566244,2540300.0
41631842,1104587.0
41556946,6357613.0
41548676,5561963.0
41609091,1830420.0
41655915,4980464.0
41636566,7415032.0
41624628,1092630.0
41661858,4959044.0
41618538,3241889.0
41516276,6451334.0
41640621,2953261.0
46171533,7946595.0
46120795,2203868.0
46131443,0.0
46110222,138288.0
46131196,0.0
46240289,1603131.0
46057423,1233351.0
46094734,1926617.0
46240639,8614935.0
46098754,7431823.0
46154092,514329.0
46067821,8567123.0
46180957,7728822.0
46153057,3528798.0
46115104,6635855.0
46185813,1348798.0
46178051,5351746.0
46117792,7027494.0
46206775,5470416.0
46069921,1358676.0
46230643,7028781.0
46236744,1405511.0
46193708,5998816.0
46061589,117700.0
46065028,727495.0
46067333,5902567.0
46247154,3197297.0
46244677,1712880.0
46143509,1599719.0
46199874,8537987.0
46185971,2509965.0
46092604,8573529.0
46190467,589490.0
46171136,8381618.0
49216360,5084982.0
49062631,202485.0
49227957,3893627.0
49198200,4849861.0
49226141,167511.0
49116339,8808456.0
49051663,5922900.0
49210733,2058904.0
49081095,3959697.0
49036468,4762075.0
49176544,2182398.0
49100994,6071135.0
49113488,8735568.0
49226015,3818841.0
49158331,8353186.0
49060040,1993552.0
49080999,1116654.0
49171571,1781281.0
49198914,2711378.0
49165457,9460148.0
49187093,4393488.0
49107497,3487990.0
49175047,438853.0
49069281,2610814.0
49242181,6546460.0
42216713,7250483.0
42375333,4359284.0
42379365,1620696.0
42250009,6948742.0
42380585,4416258.0
42356195,1028270.0
42344020,788833.0
42199241,2556958.0
42327562,1125151.0
42265210,3545719.0
42331661,1028270.0
42353292,2981641.0
42240919,1417245.0
42281634,6067957.0
42230797,1729795.0
42332737,7489353.0
42360790,1028270.0
42311050,1076011.0
42372431,1571996.0
42190315,5436589.0
42354108,1603828.0
42237967,2697571.0
42332938,155666.0
42289439,7578664.0
42178648,1919094.0
42204181,1729795.0
38855867,1216288.0
38863827,1822403.0
38698109,2804324.0
38858550,3645827.0
38922420,678853.0
38737317,4334448.0
38786207,4751165.0
38790603,678853.0
38889466,5985566.0
38863716,1465402.0
38812779,6687603.0
38872460,4779865.0
38739188,2068521.0
38820356,6689348.0
38697565,2926377.0
38734740,5485125.0
38764797,6647870.0
38711908,2568351.0
38714097,2476861.0
48097374,9018943.0
48172337,3695868.0
48071720,5446671.0
48008198,4716474.0
47992254,4716474.0
48004725,9148537.0
48181477,1066894.0
48160266,7756558.0
48055121,8049084.0
48167778,388026.0
48145352,8735568.0
48180454,4049271.0
48143008,6698182.0
48141031,5446671.0
48124856,1957373.0
48144298,1954657.0
48019661,1098606.0
48062134,9148537.0
48153334,2779323.0
48134800,9113939.0
48043523,9156499.0
48030343,7975356.0
48095718,5568862.0
47975940,8585202.0
45177029,2429966.0
45215621,4982962.0
45179621,1052099.0
45255905,1094784.0
45270940,2429966.0
45241581,487291.0
45301606,3154653.0
45212821,8018779.0
45270983,2429966.0
45174891,1421549.0
45278205,1182260.0
45145109,1676006.0
45301310,1352530.0
45236389,1729795.0
45334075,4962437.0
45208766,3661856.0
45167593,5904022.0
45176450,7949022.0
45170527,1526032.0
45325062,7728822.0
45326767,5294769.0
45349101,7346240.0
45311236,8365528.0
45225151,6037500.0
45243781,6647374.0
45302887,3026283.0
45351222,6643803.0
45212459,6495517.0
45203055,3198974.0
45321939,843345.0
45174699,3857032.0
45146319,8250691.0
45300410,3857032.0
45293123,1401162.0
45168622,6695861.0
45275679,3227319.0
50074667,1483347.0
50000445,6631533.0
50066231,8046263.0
50076257,1130975.0
49980008,2638355.0
50065026,9023230.0
50070895,4877010.0
49990620,2540256.0
50025857,2540256.0
49931495,3836941.0
49901574,5446671.0
49973699,3578692.0
50006750,2540256.0
49992237,7789092.0
50051429,3512305.0
50064156,2642628.0
50070987,4723005.0
49925171,1839104.0
49944806,2224344.0
50089242,6681172.0
50006860,1518234.0
50010287,2540256.0
49999709,3791707.0
49953536,0.0
49887495,1488207.0
50067214,5410001.0
49890971,1026650.0
50035311,1431250.0
50039099,6148651.0
49985156,2540256.0
49910421,9656249.0
50041559,9368514.0
49922136,2366166.0
49944789,2540256.0
44253950,5296452.0
44432985,6555593.0
44346827,2766264.0
44361901,966698.0
44416904,3190623.0
44241320,1766922.0
44394119,7234109.0
44404941,2203868.0
44420585,1790300.0
44392569,1399134.0
44433488,1695427.0
44331178,6694629.0
44216244,1258559.0
44435017,6555593.0
44305351,8081281.0
44350408,3557096.0
44301997,1813696.0
44360649,1493808.0
44414323,484603.0
44343697,5296452.0
44355294,7503569.0
44395806,2319720.0
44274982,3705491.0
44265295,6181208.0
44313956,1790300.0
33556707,3939536.0
33399988,2180005.0
33465577,2440934.0
33478131,333294.0
33431076,1067281.0
40447582,3639893.0
40458770,770615.0
40383122,6304278.0
40377377,6793312.0
40429027,2281116.0
40446036,913622.0
40525468,6280755.0
40436389,3498071.0
40333799,4749577.0
40467382,2237022.0
40495213,6477393.0
40422613,7114675.0
40496999,1171622.0
40479926,7129741.0
40377076,4391429.0
40542220,6829167.0
40413453,563762.0
40539447,7143907.0
40448015,2131096.0
40469391,1860517.0
40485481,2463810.0
40457443,5837255.0
40518729,883644.0
