Id,ParentId,OwnerUserId
27123564,27116051,107397.0
27140353,26491425,1224443.0
26992479,25600580,43681.0
27071793,26616962,4280473.0
27127631,26866479,766328.0
51941940,51921033,53444.0
51942238,51942114,2692083.0
51942469,51942114,2880657.0
51944204,40737349,985395.0
51944527,51923607,70386.0
51948080,51946603,8513835.0
51948150,51944296,2575224.0
51953088,51950785,6164419.0
51953177,51953109,3933365.0
51962668,50927770,4088857.0
51964114,39967784,1546137.0
51976361,51974383,832671.0
51980792,51980596,5224652.0
51984557,51980596,4615649.0
51986363,51986244,4939853.0
51997342,51993175,4469944.0
51997398,51988439,2692083.0
52001247,51999232,6236211.0
52003473,51980596,6236211.0
52011410,52011129,62985.0
52013836,51976057,1766831.0
52014488,51953129,6236211.0
52023864,52023726,4554863.0
52024043,52023726,2692083.0
52027825,52001694,9231401.0
52036584,51996128,4987371.0
52037386,51976057,6444628.0
52044016,30496218,2556407.0
52048025,52008034,3069919.0
52050305,52041354,2575224.0
52057460,52057408,3500196.0
52058449,52057828,3561275.0
52059171,52057828,654031.0
52062758,52062284,88122.0
52065586,52058409,218441.0
52066874,52057408,1008568.0
52070307,52070247,2788.0
52070862,52070247,2575224.0
52077110,51962515,1387612.0
52077871,46092604,657026.0
52082037,51982133,6899919.0
52083082,52081388,2692083.0
52083290,52081388,4469944.0
52091387,52090842,2575224.0
52099869,52099128,4469944.0
52101885,52098392,3871750.0
52105672,52104915,299462.0
52105751,52105225,10169530.0
52108560,52104915,400262.0
52111846,52105225,5336549.0
52112877,52105225,329660.0
52113938,52098061,421602.0
52119556,52097737,6566294.0
52126206,52126065,2692083.0
51980796,51980596,2932953.0
52001670,51993175,6236211.0
52013227,52011686,2575224.0
52058042,52057828,266143.0
52076758,52076009,6541574.0
52082557,52051459,1923715.0
52098305,52093232,10169530.0
52125266,52125150,5255935.0
52125468,52125150,2692083.0
51958800,51953129,10257368.0
51996502,51996128,54734.0
52031373,52031350,5483526.0
51943094,51939287,1659476.0
51953179,51953109,6121503.0
51999321,51999232,2692083.0
51951483,51950785,4175568.0
51966211,51965342,2519577.0
52092732,52092546,485732.0
51992929,51991404,7147006.0
52063793,51821786,1672486.0
50510943,48824086,9841311.0
50528478,50527363,9774735.0
50538436,50430808,0.0
50545511,45655728,9851969.0
50554275,40669943,962650.0
50563211,50562495,7756558.0
50565607,50563413,6896299.0
50567138,50563413,7773582.0
50567285,50566406,2164883.0
50574522,50552293,784594.0
50586868,50583823,441902.0
50591790,46131196,6931836.0
50592776,50506101,7193761.0
50613186,48873507,185907.0
50613356,48370641,185907.0
50627628,50627087,180368.0
50628698,50627087,626692.0
50631003,50629814,962746.0
50634463,50584687,832671.0
50636472,50635469,7756558.0
50651810,50651256,9274514.0
50654613,46453981,7298086.0
50654940,50653819,93960.0
50655492,50651256,1479976.0
50655948,50645878,1479976.0
50656544,50651256,419863.0
50663173,50663047,1947216.0
50663225,50663047,6521058.0
50663842,50571546,3620633.0
50678348,50677506,5564578.0
50679141,50647694,620288.0
50680903,50647694,1638590.0
50697733,50688223,2966556.0
50698178,50697247,5564578.0
50709096,50651256,3664876.0
50709255,50707566,54929.0
50522942,50430808,3226981.0
50526957,50506101,5790498.0
50572185,50562495,4085968.0
50586573,45047011,263296.0
50558583,50555353,131930.0
50663140,50663047,9769061.0
50675410,50672490,105929.0
50677219,50673143,5790498.0
50692275,50678338,5790498.0
50698665,50697247,8236858.0
50659095,50628676,9274514.0
50599096,50598938,5108806.0
50641534,50634072,1479976.0
50675120,50672490,2575224.0
50694195,50686734,2575224.0
50629902,50629814,7185049.0
50629965,50629814,1129436.0
49677947,46236744,36498.0
49698420,46236744,2387977.0
49706030,45655728,4845615.0
49709097,49708997,6237026.0
49709318,49548508,4812900.0
49725949,46236744,1908967.0
49725988,45830528,421642.0
49771498,49771449,5413146.0
49777511,47178056,2829212.0
49779320,49777963,6226790.0
49806459,49709956,3975309.0
49810397,32529742,2959707.0
49821284,49817769,9599341.0
49823487,49823345,1957567.0
49827447,49708997,8301447.0
49839429,29591967,1697099.0
49851267,49849813,8726716.0
49853646,49848942,1645712.0
49863828,49861169,983476.0
49863909,49843956,983476.0
49880263,49809651,13203.0
49794997,49793326,9485673.0
49687595,49683432,2900196.0
49820030,49818943,2532578.0
49836561,49836268,6337748.0
49868988,49836268,91403.0
27296360,26975640,151350.0
27349520,27347820,621366.0
27192661,27054162,3042204.0
27284232,25595492,4316489.0
27286534,25595492,3724237.0
47134244,47133571,1224482.0
47147203,46934916,6070462.0
47147286,34503547,6070462.0
47147639,47146939,3236440.0
47149088,47129599,4682632.0
47164159,47163923,492773.0
47171453,47162798,5483526.0
47197102,47184194,927493.0
47197712,47196334,6210973.0
47236471,47228231,620288.0
47249382,47202936,832725.0
47258699,47258026,5311317.0
47262539,47236551,1275007.0
47271551,47271002,3381181.0
47272817,47271002,3390417.0
47276080,47265946,6469772.0
47276112,47265946,3800170.0
47276206,47265946,5813801.0
47294130,45579511,6357920.0
47300537,47296131,4033292.0
47309766,47296131,2300013.0
47309774,47309649,569864.0
47313136,47312403,6650475.0
47315570,47314410,6226790.0
47319714,47319604,8948102.0
47321989,47311911,324157.0
47323502,47318596,1773866.0
47324387,47319604,2575224.0
47201212,47196334,1426227.0
47291511,47287743,8934020.0
47295268,47295217,4916026.0
47313279,47311911,54734.0
47325102,47324935,471481.0
47331230,47330878,7225085.0
47120463,47119752,18627.0
47146063,47145930,1490322.0
47146544,47143597,8896222.0
47174954,47162798,5766732.0
47197911,47191332,3950370.0
47256324,47224077,6469772.0
47269228,47269095,4592665.0
47287935,27007353,1911306.0
47306089,47304927,2575224.0
47334344,47329630,56018.0
47166862,47162798,2448829.0
47182077,47181503,1707520.0
47309683,47304927,2300013.0
47146608,47143597,1771073.0
47182866,47181503,4284706.0
47258433,47258026,1390678.0
47278389,47275278,29470.0
27727702,27723156,3724237.0
27790540,27752201,3477712.0
27825884,27790905,3477712.0
27874244,27857790,2425939.0
27845584,27839789,528726.0
27865893,27865238,41423.0
27878112,27865238,412763.0
27727931,27723156,1189885.0
27846674,27839789,956786.0
27877969,27865814,412763.0
27815639,27790905,18122.0
27838615,27838280,3748349.0
27840731,27839789,1612849.0
48826961,48762736,8755083.0
48837504,48833778,7803650.0
48845752,48841121,7803650.0
48853591,48791411,2863995.0
48860178,48833778,1987266.0
48871560,48791411,2587036.0
48872233,48863771,7369238.0
48872252,45776238,3902270.0
48872632,40880443,7054212.0
48878242,37854185,1462282.0
48880875,48824086,6446027.0
48892469,48799257,2901325.0
48899206,48438747,1954744.0
48899381,48438747,5816337.0
48899653,48030343,1954744.0
48902356,48900551,5766732.0
48902389,48824086,5246052.0
48915328,44692442,3567935.0
48925210,48921774,5766732.0
48925896,48925813,6237026.0
48926319,48925813,3570659.0
48930424,48909754,1466825.0
48941628,48934158,3342866.0
48943093,48934158,6375498.0
48944891,47793065,7334835.0
48948969,48942153,1017868.0
48951244,42651456,2182670.0
48954559,48949794,5641244.0
48955317,48791411,7417402.0
48961173,48961000,7803650.0
48970814,48966893,7803650.0
48971631,48942153,8537987.0
48973904,36137802,8788071.0
48979837,48979234,7803650.0
48985471,48983199,8307755.0
48986864,48956086,3680662.0
48998311,48993781,93960.0
49003694,48971368,1987266.0
49019068,49013500,352051.0
49021834,49019203,7803650.0
49021966,49004413,7803650.0
49022920,49019203,1987266.0
49026693,49026008,3342866.0
49028906,49021899,3402502.0
48827138,48792602,7369238.0
48827847,48808722,3156004.0
48830059,48803038,2721139.0
48842346,48838101,54734.0
48857114,48791411,1181621.0
48864535,48835919,484222.0
48937358,48824086,9052489.0
48962438,48961984,2692083.0
48980131,48980066,1549165.0
48981696,48959272,1382872.0
49000560,49000291,2692083.0
48835900,48805353,6679072.0
48846788,48840474,9223839.0
48862394,48861926,2575224.0
48887041,48863771,4473232.0
48915546,48914388,1240518.0
48920237,48912603,3342866.0
48962652,48962157,1911196.0
48969995,48962157,6679072.0
48970918,48963386,7803650.0
48984673,48984610,1531124.0
48984966,48984289,5635635.0
49000580,49000291,592817.0
49005935,47017875,2817980.0
49016840,49013500,6772373.0
49024819,49013500,731178.0
48826291,48805353,7369238.0
48841528,48836908,2855738.0
48849080,48838101,2575224.0
48878677,48869041,1987266.0
48966729,48961984,7369238.0
48971416,48949396,2750505.0
48854696,48850386,7369238.0
48842777,48838101,324157.0
48830338,48805353,7369238.0
48890916,48869041,6758786.0
26706637,26706240,27898.0
26731682,26705784,200237.0
26800645,26800452,4221344.0
45362886,45325062,832671.0
45365472,45363163,921335.0
45365725,45363163,2371715.0
45366448,45174699,5557273.0
45368912,45167593,5904022.0
45381640,45380558,6095381.0
45383304,40234243,3834036.0
45383478,45374744,3834036.0
45391151,45390260,2300013.0
45398455,45398103,1549165.0
45400169,45400096,773113.0
45400267,45400096,2599657.0
45416670,45413309,2300013.0
45421618,45420766,2448829.0
45421864,43612866,3330348.0
45424588,45424413,3018068.0
45435492,45420766,569662.0
45446769,39126454,810830.0
45447258,45431599,4317279.0
45461078,45449806,8405585.0
45472930,45426194,240342.0
45479696,44610425,17832.0
45490985,34790550,1299267.0
45491486,34722107,7145901.0
45499511,45498517,1549165.0
45506085,45468971,5766732.0
45509098,45484451,2300013.0
45526841,45526675,2328781.0
45527025,45526675,8380917.0
45533292,45528718,2979749.0
45533818,45533748,997958.0
45534475,44482448,5213999.0
45539606,45538292,5384363.0
45540395,45533748,2979749.0
45542189,45526675,2798291.0
45553062,45551966,5040443.0
45553269,45551966,1364288.0
45561287,33881958,7150223.0
45562723,45538292,5810894.0
45566738,45554704,3986759.0
45569462,45498517,2918963.0
45579384,45542936,33708.0
45453138,45453061,1531124.0
45500187,39154613,1259109.0
45559386,45544777,4989284.0
45379794,45371705,7959661.0
45400394,45400096,979349.0
45411638,45400096,8392624.0
45469932,45467995,6896299.0
45539661,45538292,4950528.0
45546649,45546510,301607.0
45552269,45551966,6244560.0
45565616,45486658,683327.0
45566801,45550556,5946937.0
45401416,45398103,2979749.0
45484423,45468971,2448829.0
45489392,45474338,151084.0
45497067,45489456,1754709.0
45567957,45567201,4912329.0
45453646,45453061,2541560.0
45533782,45530657,5951133.0
45541784,45538292,683327.0
45429920,45396642,2979749.0
45443991,45441593,1364771.0
45570252,45510905,5314440.0
46263488,46263443,1838804.0
46287578,46244677,4325141.0
46302494,46283367,1331539.0
46302759,40856925,1331539.0
46306088,35135884,3391371.0
46314505,46308297,4495081.0
46315343,46180957,7728822.0
46318199,41008507,2878746.0
46320528,45990451,3046683.0
46322779,46321680,4745807.0
46328132,46311488,8622724.0
46346096,46334096,7959661.0
46359792,46333040,4711184.0
46360415,46333040,5152338.0
46365006,46364880,1045142.0
46365028,46364880,4268599.0
46398450,46329712,5343790.0
46398770,37180375,5120986.0
46441915,38071714,3568626.0
46442684,46432262,2575224.0
46443292,46432262,4128470.0
46444025,46321751,2906198.0
46451645,40900818,1087479.0
46472963,46471625,2575224.0
46265798,46244677,8622724.0
46287428,46283367,4325141.0
46303808,46283367,8079754.0
46316662,46315996,1331539.0
46316993,46311488,1331539.0
46317243,46311488,2087640.0
46334349,46283367,8456816.0
46354698,46343630,832671.0
46386504,46386326,7122593.0
46392124,46390552,3507435.0
46425459,45847796,3092159.0
46461962,46451544,2575224.0
46464593,46464455,3084632.0
46467620,46464455,1331539.0
46472849,46453981,7959661.0
46474871,46453447,8553862.0
46337673,46333428,1331539.0
46379860,46377039,6603816.0
46450735,46388219,8132493.0
46294086,46291406,2575224.0
46316588,46315996,5766732.0
46464911,46462610,4362652.0
46451037,46434569,327101.0
25156052,22513893,3477712.0
24789761,24787801,1620636.0
24830938,24787801,455553.0
42631718,42571279,6679072.0
42633198,31044380,1238839.0
42634152,36265833,1238839.0
42635824,37936588,1238839.0
42636114,31046924,1238839.0
42639121,42546246,7651883.0
42641917,42641804,3801345.0
42642604,42641804,1091026.0
42667855,42486386,5288679.0
42670371,42651456,3868848.0
42676425,42674145,4473711.0
42683753,34158847,3279163.0
42694564,39540366,928451.0
42695657,42691892,1277048.0
42705169,42332737,7489353.0
42715091,39450504,799275.0
42722392,42595302,5281340.0
42727326,42608033,953770.0
42728725,42711116,4852187.0
42734113,31044380,2587036.0
42740529,40448015,5281340.0
42766620,41783704,2105414.0
42807097,42788267,2833802.0
42830426,42816444,100957.0
42834873,42816444,7721321.0
42836701,40448015,1270870.0
42837345,42061684,1270870.0
42614163,42562820,1863190.0
42639769,31046924,5153594.0
42660633,42653725,7579796.0
42680067,42667203,2277627.0
42732552,42648060,5834477.0
42810767,42810364,613198.0
42811377,42810364,1315176.0
42657225,42653725,455553.0
42838255,42836979,1659476.0
42657205,42105805,2903646.0
42660372,42630302,6896299.0
42780042,42778151,2575224.0
42618008,42611968,5867722.0
43803983,42843777,3814138.0
43804186,35179495,5097393.0
43804547,39601492,5097393.0
43817759,43350853,69150.0
43835256,42311050,3018627.0
43836979,43814764,7426.0
43838917,39020065,7978269.0
43841971,43835206,2575224.0
43846465,43396744,2600522.0
43862221,43850359,685091.0
43881693,43870576,7803650.0
43888586,43661844,993417.0
43923849,43910795,2575224.0
43928863,40574379,2962667.0
43930215,43927492,1445898.0
43940980,43927492,6679072.0
43944971,43941794,6452097.0
43951220,43607751,2000823.0
43952696,43927492,4859404.0
43960290,43950808,5557256.0
43960712,43927492,7994586.0
43960829,43814764,7994586.0
43960926,43674924,7994586.0
43973101,41618538,601493.0
43974835,43636544,8012737.0
43761624,43593778,2519577.0
43816774,43814764,2575224.0
43855915,43850359,6679072.0
43906384,43892712,6998715.0
43927835,43896718,7803650.0
43951308,43950808,1876739.0
43944652,43943033,7803650.0
43959688,43950808,7803650.0
43951363,43950808,1445898.0
43985329,43983286,6452097.0
43777757,43763418,7961735.0
43789866,43785728,7803650.0
43850855,43850359,5766732.0
43942983,43939970,5557256.0
43927774,43926591,7803650.0
43823135,43821553,4906730.0
43871245,43870576,4445516.0
49885639,43763479,3625317.0
49891657,46131443,9661982.0
49905269,49901574,9664896.0
49910569,49910421,8600103.0
49937367,48824086,6814073.0
49945873,49944789,54734.0
49958509,49953536,1615594.0
49971583,49931495,3836941.0
49976763,49973699,9661066.0
49980131,49980008,174843.0
49983187,49980008,527813.0
49992546,49990620,54734.0
50001010,50000445,4603538.0
50005377,42332938,213725.0
50016031,50006860,7369238.0
50016178,50010287,2575224.0
50017533,37711051,2549398.0
50021390,37711051,1987266.0
50023027,50006750,1987266.0
50035567,50035311,0.0
50036590,49922136,2366166.0
50042116,50041559,54734.0
50056503,35289988,0.0
50057076,50051429,9302325.0
50064429,50064156,9630106.0
50066509,50066231,5235392.0
50066573,36573857,7731848.0
50068828,49579074,9302325.0
50080632,47050984,8128433.0
50081486,50041559,187195.0
50084521,49880941,9705485.0
49925428,49925171,2756547.0
49928390,49925171,5965430.0
49949187,49931495,4690866.0
49993084,49992237,1304519.0
49994074,49992237,603316.0
50008846,49992237,8359632.0
50067734,50067214,932728.0
50074727,50074667,1408868.0
49881877,49880941,1235935.0
49887724,49887495,5761558.0
50016440,50006750,2575224.0
50017078,35772518,6183282.0
49986434,49985156,54734.0
49903572,49890971,3122083.0
50077880,50076257,2448829.0
49910496,49910421,2584754.0
49973762,49973699,5728991.0
50028843,50025857,54734.0
49910492,49910421,342852.0
43531327,43313424,372019.0
43543116,43532494,2210035.0
43543184,43532494,18591.0
43544890,43532494,24069.0
43545184,43545080,7682767.0
43568821,43568325,2575224.0
43570283,27865238,129795.0
43573771,43529266,1663462.0
43581933,43545080,2014334.0
43583668,43568325,7803650.0
43589761,29888108,1070291.0
43608013,42140285,986160.0
43609534,43609390,201722.0
43618284,43612866,7803650.0
43619284,43238799,6595740.0
43639611,43282528,3965249.0
43645682,43350278,3218267.0
43650469,43378986,4664543.0
43662716,43657535,688665.0
43668553,43664192,2197837.0
43671406,43660545,7803650.0
43671659,43639036,7803650.0
43690226,43674924,7803650.0
43700964,43700905,819340.0
43701003,43700905,657237.0
43704015,43700905,2801687.0
43704153,43689879,1062217.0
43727481,43088918,5043003.0
43752634,40856925,7508847.0
43756153,43753039,1020838.0
43536553,43502357,151350.0
43545167,43545080,3872068.0
43553143,43552529,1246623.0
43577928,43567411,7038809.0
43594895,43584079,7803650.0
43683096,43682155,2575224.0
43697450,43689879,5757027.0
43701589,43700905,7803650.0
43739159,42642688,5314440.0
43549005,43538070,7803650.0
43659271,43313424,441902.0
43660268,43617787,5965430.0
43660856,43659872,103190.0
43665378,43665011,2294168.0
43678849,43655652,4234922.0
43721451,43721197,2197837.0
43590429,43559197,1070291.0
43643693,43636544,4275342.0
43637941,43633659,2575224.0
35228303,35223505,1919879.0
35315467,35314963,192729.0
35318721,35286730,5726587.0
35362513,35324974,5902456.0
35367479,35361819,707458.0
35379622,35379246,1726192.0
35379769,35379246,3117838.0
35391820,35314963,5902017.0
35419378,35409492,5834477.0
35321980,35315679,1376205.0
35369492,26616962,617964.0
35379287,35379246,1393496.0
35401130,35381163,225022.0
35422602,35267071,3977402.0
35267050,35264620,3572717.0
35300778,28572202,2581592.0
35379538,35379246,5738152.0
35329264,35329128,4812613.0
35348758,35348080,525378.0
36174809,36174288,1032085.0
36195313,36188740,489764.0
36199883,36197572,1496062.0
36211765,36188740,6111921.0
36280486,36265833,619189.0
36281348,35113957,1853171.0
36313075,36307211,218635.0
36140619,36137802,2862892.0
36159330,36152538,1925481.0
36185177,36176403,657427.0
36198194,36197572,3568957.0
36211690,36157778,4849191.0
36287423,36285239,15754.0
36353333,36318795,870769.0
36150093,36137802,151350.0
36185419,36157778,2675922.0
36253555,27007353,1294878.0
36264400,36157778,5066066.0
36204646,36197572,5788941.0
36214004,36157778,6077549.0
36273723,36272482,2756547.0
36231241,36116835,1195908.0
32661253,32093067,3653449.0
32839956,31104540,5387947.0
32866501,32863771,1807118.0
32719193,32715464,3146801.0
32751314,32750861,5369936.0
32865020,32863771,3146801.0
32743085,32741333,605153.0
32831549,32831192,2448829.0
32838800,32838312,710005.0
41469762,37150273,6428091.0
41493226,37897876,6205025.0
41493335,41492081,256618.0
41564363,37727820,4623280.0
41646377,41516276,6451334.0
41652757,41636566,138553.0
41655295,40564979,2797307.0
41659946,41655915,138553.0
41673406,41672971,6173350.0
41678100,41661858,6077549.0
41471825,41293238,4106392.0
41576040,41566244,3625317.0
41652982,41631842,138553.0
41581114,41556946,2125973.0
41642420,41640621,2776504.0
41649190,41640621,495719.0
41652720,41433856,4883718.0
41662042,41661858,361100.0
41652401,41640621,138553.0
41656651,41624628,138553.0
41475346,41445442,138553.0
41577104,41548676,7400635.0
41624699,41624628,1147141.0
39672906,39450504,2344607.0
39687196,39672919,4107781.0
39692633,39686227,201306.0
39698276,39690572,266254.0
39703004,39672919,1177772.0
39722080,39721791,1531124.0
39722851,39721791,219187.0
39723861,39721025,4323978.0
39723870,39690815,2026293.0
39724647,32534401,4323978.0
39726613,39721025,6782200.0
39727929,39721791,329660.0
39743917,39742117,5613927.0
39745310,39741506,437879.0
39766451,39764239,2108278.0
39774675,39617171,2461073.0
39810075,39686804,6906571.0
39845346,39683166,6919187.0
39697158,39696697,1306679.0
39767357,39763013,895667.0
39639381,39591223,6782200.0
39743983,39742117,93960.0
39841944,39839881,6736784.0
39806514,39791667,219187.0
39660021,39658735,6380313.0
39686991,39686227,256618.0
39841785,36461493,5043003.0
46928741,35617996,2739810.0
46941975,46936582,7959661.0
46944861,46934916,6469772.0
46947465,46947124,5333643.0
46953531,46934916,4623280.0
46957478,46949073,4128470.0
46962195,46961616,8016720.0
46968648,46947956,4623280.0
46968837,46949073,159446.0
46971441,46947956,7332364.0
46977615,45757001,8533110.0
46979111,46975781,6785908.0
46998073,46997840,5271969.0
47026529,47013636,832671.0
47036525,46782161,3479734.0
47042375,47042162,271415.0
47042416,47042162,8016720.0
47048952,47023636,4458510.0
47049199,46014427,6786689.0
47066688,44392569,4926096.0
47089553,47089196,2152061.0
47096181,47061556,4054447.0
46924477,46924175,1153885.0
47021549,47020319,54734.0
47025601,47020906,1236217.0
47059635,47058984,2756547.0
47070280,47069673,233598.0
47079513,47049241,6380313.0
47107482,47089196,2575224.0
46962046,46786169,1366326.0
46975976,46975781,563158.0
47015645,47007159,7011701.0
47055083,47050984,2190807.0
47076110,47061556,1315176.0
47062115,47061556,1834562.0
47077453,47077380,587406.0
47039564,47020319,329660.0
46961090,46956866,542757.0
47017944,47017657,6413377.0
39858845,32534401,1092350.0
39860939,39848800,623894.0
39868267,39866282,1739895.0
39884905,39852947,5613927.0
39909391,39891218,4469944.0
39921535,39920488,1067260.0
39941417,39788745,1517410.0
39955857,39936184,6782200.0
39977883,39967784,2461073.0
39978519,39967784,5028275.0
39978590,39888480,51560.0
40006545,30213456,6706819.0
40010622,39990666,63074.0
40022565,40010594,1387612.0
40026427,39956391,4340987.0
40048703,35065875,105456.0
40053599,40036030,623894.0
40068679,40068318,1939589.0
40069723,40058568,2461073.0
39914839,39913816,284538.0
39998895,39990666,808278.0
40044489,40044128,4552718.0
40081264,39591223,510615.0
39892128,39888380,6019685.0
39951172,39941660,623894.0
39876332,39876079,150868.0
39916187,39916051,1729795.0
39958707,39668149,2152061.0
40007817,39982623,325742.0
40034925,40034001,1152738.0
40068315,40068013,6309.0
39942425,39941660,3740914.0
39870808,39839881,3748349.0
39981369,39981115,63074.0
28391367,28387907,151350.0
28566586,28565187,950147.0
28388185,28387907,825158.0
28501714,28500066,1240557.0
28578640,28572202,542270.0
41714650,41636566,7415032.0
41745829,41745636,2380952.0
41747040,41746212,1150795.0
41750133,41749456,7138517.0
41751488,40734086,309797.0
41769865,41739975,138553.0
41770951,40586946,6357613.0
41777259,41776814,4074859.0
41780941,41672971,5446671.0
41807231,33680497,3620833.0
41814134,41814001,194175.0
41817211,38739188,3025825.0
41829479,29303048,452090.0
41837882,41837637,4883718.0
41843358,41756234,5446671.0
41854051,41853686,1035468.0
41890963,41880229,5946937.0
41758119,41747165,1062217.0
41781988,41779458,1018659.0
41783572,41783283,1240763.0
41824988,41824300,7457236.0
41832706,41832273,4478420.0
41855411,41850142,818341.0
41862674,41640621,2953261.0
41865083,41850142,1031042.0
41868152,41853686,4883718.0
41882979,41880524,544258.0
41733831,41731704,2425123.0
41758227,41757509,1421254.0
41838562,41830058,452090.0
41841846,41837933,269106.0
41903749,41893566,221951.0
41903764,41893566,1490322.0
41765670,41745964,4883718.0
41811770,41795612,194175.0
41902798,41880229,1062217.0
41917911,41914911,11635.0
34526270,34525969,2915097.0
34545332,34526251,2759417.0
34587208,34575783,1171619.0
34594944,34593341,5683783.0
34598179,34534079,2217011.0
34619763,33291874,837173.0
34645755,34593341,4849191.0
34655763,34652782,2862892.0
34664929,34652782,1757145.0
34711034,34230517,2587904.0
34724740,34722107,329660.0
34728680,34722107,5739035.0
34526515,34526251,295962.0
34685801,34676168,4849191.0
34576135,34575783,361100.0
34657227,34637868,752175.0
34727577,34722107,2862892.0
34519871,31031865,884640.0
34553201,34498033,4215791.0
43091929,39361356,2108874.0
43128448,43104831,191389.0
43130626,37715875,6032010.0
43135038,43104831,1556123.0
43140824,43132158,7797657.0
43143487,43142821,7327034.0
43143968,43142821,4265993.0
43151224,43132158,7799943.0
43153293,43151368,1227937.0
43156548,43142821,6413649.0
43165699,43142821,7803650.0
43168425,43142821,7804592.0
43187609,43187101,1153938.0
43224737,43187101,7803650.0
43227291,41174987,1791065.0
43228732,43132158,44512.0
43233621,43228611,4454969.0
43237663,43232660,2152061.0
43239296,42981194,1335354.0
43246902,43246560,1277048.0
43246936,43246560,2575224.0
43247378,43238799,1277048.0
43249081,43246560,5766732.0
43250940,28500066,800883.0
43255037,43252404,2575224.0
43255640,43252404,1277048.0
43281762,43264727,1277048.0
43284591,43282528,7803650.0
43168867,43167750,2277331.0
43171772,43100199,5446671.0
43205307,43179951,1018659.0
43224459,43212533,7803650.0
43285176,43243883,7803650.0
43144691,43100199,7655255.0
43180406,41824300,3111911.0
43199411,43179951,1277048.0
43209063,43208872,301607.0
43295680,43295417,2197837.0
43102959,41881610,1017284.0
43185091,43177818,7347425.0
50927852,38714097,3581466.0
50936614,50935969,1234260.0
50940159,50935415,2692083.0
50940568,50930291,5313728.0
50968693,50965591,1223817.0
50970304,50873541,346629.0
50984325,50971334,4287915.0
50984414,36701111,1620475.0
51009783,50935415,5715934.0
51017403,51017164,4786944.0
51026338,50986816,2045168.0
51026605,51017946,5816337.0
51027449,50986816,3143003.0
51035991,51026313,2692083.0
51036245,51035930,4265824.0
51036656,51035930,1076703.0
51037235,50932766,6935841.0
51043264,51040814,5604676.0
51044658,50552293,3903417.0
51044768,51040814,7959661.0
51061387,51040814,188138.0
51063254,51060417,4151019.0
51066969,50986816,2713776.0
51088766,48784283,2519704.0
51089762,51087521,1645712.0
51093519,51093230,2303202.0
51105783,51099034,5695637.0
51115149,51026313,5715934.0
51123663,51120978,54734.0
51124326,50830715,6465223.0
51126182,51120978,2511885.0
51126311,51122354,2511885.0
51126600,30027545,8295283.0
50971019,50966737,1191070.0
50994814,50989454,1600898.0
51012770,51012725,1383240.0
51018399,51017164,1266756.0
51040968,51035215,348975.0
50968225,50966737,9274514.0
51003159,51000111,5766732.0
51066422,51008734,5715934.0
51081573,50986816,1366533.0
51099288,51099034,2931410.0
51116768,51090375,2801909.0
30890030,29761872,2086.0
30969497,22513893,595943.0
30915091,30915043,364980.0
30915083,30908112,540339.0
30995617,30991404,41968.0
30910936,30908725,2187087.0
30909381,30908112,551263.0
42879270,42462663,7683711.0
42905139,42899966,1270870.0
42927231,42922250,4053652.0
42928771,42928059,1847482.0
42933607,36705199,171121.0
42933650,42899966,7655255.0
42938882,42934172,1284837.0
42962337,38863716,442837.0
42964441,42519116,5704961.0
42982748,42981194,1035228.0
43011321,39622142,5712620.0
43029054,30648096,393896.0
43030546,34439201,2035039.0
43033574,43032883,560902.0
43033669,43032883,7683711.0
43039582,42981194,683327.0
42849284,42846703,4614870.0
42929138,42928059,3003337.0
42958778,42958561,613198.0
42964124,42958561,7731765.0
43034026,43032883,60020.0
43035743,43034203,5823852.0
43058406,43057349,1548513.0
43060666,43055993,1045170.0
43062261,43056426,2863995.0
42850865,42843777,4053652.0
42970000,42969532,281829.0
43022828,43018613,1863627.0
43058478,43058415,1074592.0
42934595,42934172,3528562.0
43018701,43018514,3003337.0
42843710,42822348,640325.0
46498125,46476622,191389.0
46501586,46057423,3114478.0
46502476,34442192,1239122.0
46522273,46521195,3340702.0
46523196,46522304,7570121.0
46523340,46311488,6703530.0
46539990,45998405,6703530.0
46568052,46562115,4795665.0
46569419,46564574,7750824.0
46572280,46571540,303810.0
46582802,46566667,2979749.0
46583333,46581254,2575224.0
46583882,46583498,4519500.0
46591898,44645743,4215925.0
46596788,46583498,6064025.0
46599726,45412334,6051596.0
46612687,46605663,7203016.0
46615875,46615008,1201235.0
46616980,46615008,2575224.0
46618823,46615008,3768367.0
46619515,46514002,7769052.0
46660557,46657234,1331539.0
46661140,46660853,1360584.0
46662171,46660853,2382426.0
46663624,46660853,6747889.0
46669941,46668418,4775534.0
46671668,46668418,7530308.0
46680273,46575898,6550196.0
46477120,46476437,2117651.0
46562303,41024771,2562.0
46576330,46575898,2445864.0
46582515,46581254,2979749.0
46586339,46581254,54734.0
46609308,46600671,1794961.0
46618862,46532286,5639549.0
46658200,46643268,5775247.0
46502806,46471625,0.0
46623257,46623194,2558152.0
46644982,46644740,2799677.0
46587928,46585082,1360584.0
46623319,46623194,303810.0
46682724,46682651,1943849.0
48612735,47793065,2103767.0
48615385,48557437,7803650.0
48617034,48616949,5917104.0
48618204,48271493,1987266.0
48625485,48624757,1193657.0
48639207,48639206,3336921.0
48653152,48616949,7803650.0
48656440,48624757,1987266.0
48662919,38989659,2189445.0
48668202,48633781,5434773.0
48672554,48671754,1090265.0
48678494,48677693,7803650.0
48678678,48667874,1987266.0
48679762,48667874,2692083.0
48686941,48313647,129346.0
48689453,36049030,460417.0
48691374,38071714,2500344.0
48692252,47793065,2196157.0
48703998,29761872,1987266.0
48707127,48699742,1503710.0
48717968,48715395,999375.0
48737054,48732814,2375843.0
48739435,48732814,3342866.0
48743777,48743105,7803650.0
48747217,44085454,2912220.0
48747869,29761872,2912220.0
48747881,48726644,7369238.0
48768764,38492639,6077549.0
48781128,48726644,2257925.0
48785563,48525262,6511448.0
48799653,48792602,3342866.0
48801991,48801894,5902888.0
48821320,48792602,1987266.0
48823887,48802787,7369238.0
48612279,47793065,7511690.0
48625734,48624302,637514.0
48655708,48653762,7803650.0
48655944,48624757,7803650.0
48661988,48660912,739373.0
48700265,48699742,7803650.0
48704042,48699765,1235935.0
48705015,48687955,3327350.0
48744662,48743223,5296462.0
48756656,48753245,3782993.0
48766760,48707364,4053652.0
48809542,48809275,5258516.0
48637092,48635782,5519648.0
48651097,48650993,2756547.0
48652680,48635782,7803650.0
48671832,48667874,5723.0
48700308,48699742,1549165.0
48748468,47364834,6077549.0
48758911,48731168,2692083.0
48778355,48763985,7803650.0
48778432,48763985,8645590.0
48778965,48760583,3342866.0
48788841,48788264,6077549.0
48811217,48809275,2696260.0
48819881,48808722,3342866.0
48823813,48810786,7369238.0
48664199,48663545,1561148.0
48666615,48660912,1695906.0
48794488,48784692,5946937.0
48756212,48753245,1143724.0
48756822,48753245,1726083.0
48758338,48731168,2575224.0
48700420,48699765,7803650.0
48766988,48763985,3998013.0
50713860,40467382,1555696.0
50714003,40467382,2237022.0
50715276,50702676,11635.0
50723336,50718353,7655255.0
50730703,50725904,8236858.0
50739596,50736767,5939806.0
50745159,50725904,1517814.0
50754442,41762928,576741.0
50755444,50734807,2575224.0
50780886,50772902,4085968.0
50781129,50779254,5715934.0
50783948,50783648,3398989.0
50785093,50771405,188138.0
50791132,46131196,8420428.0
50792673,50790960,2060725.0
50798127,50796780,9274514.0
50798242,50796780,1987266.0
50810406,50810342,32090.0
50812411,50771405,2371715.0
50828795,50814965,3016392.0
50836164,50835951,1162233.0
50836253,50835738,1162233.0
50841813,50820762,2106516.0
50853389,50814965,3016392.0
50853523,50828793,3016392.0
50857967,50856401,5946937.0
50866762,46742274,4706128.0
50867261,50835738,188138.0
50867350,44394119,188138.0
50877252,50845313,5965430.0
50883140,46742274,523949.0
50893240,50891382,1707312.0
50897009,45453061,2076174.0
50900484,50893043,9170927.0
50902694,50902528,2692083.0
50910478,48824086,958373.0
50910607,46131443,3150948.0
50910714,48487098,407954.0
50915833,50903364,4085968.0
50809596,50801690,3503187.0
50831972,50830715,3511459.0
50835817,50835738,1076703.0
50852714,50849415,2692083.0
50860533,50816609,1892568.0
50869692,50856401,454754.0
50889163,50876475,3737815.0
50890871,50889657,3076874.0
50891630,50889657,8043253.0
50779279,50779254,3152516.0
50888802,50887887,2692083.0
50892100,50891973,5235392.0
50755937,50702676,2575224.0
50826080,50800231,9829319.0
50841607,50820762,5985853.0
50849267,50841501,6453895.0
50717704,50700178,2692083.0
50808206,50785058,157924.0
50761003,50759872,329660.0
20693597,20693516,495796.0
40094592,40082248,4469944.0
40094636,40092551,4296747.0
40095263,36265833,2604529.0
40115189,40092551,406429.0
40139417,39615381,932728.0
40146081,40036030,1662570.0
40180357,39215533,1284054.0
40201250,40044128,4469944.0
40214773,40205675,204699.0
40231193,40208887,4469944.0
40264818,40208887,2461073.0
40277594,29117570,7078706.0
40302098,40216232,2775651.0
40305061,40296598,219187.0
40312438,39932500,6750653.0
40160262,40132631,7049232.0
40170924,40170212,50543.0
40206404,40201069,1105351.0
40216452,40216362,57695.0
40221269,40208887,569662.0
40234142,40231507,1375326.0
40265628,40081965,2461073.0
40309948,40304324,1309377.0
40125167,40108015,4469944.0
40110797,40097751,526535.0
40243833,37711051,96855.0
26601742,25824957,1120035.0
26506839,26491425,1348596.0
26617453,26611387,574103.0
26622688,26611387,1133660.0
26637846,26616962,621366.0
31510505,31493493,1445898.0
31553183,31342583,3684882.0
31578875,31206417,404121.0
31591837,30613574,429487.0
31718333,31717615,3931985.0
31506902,26800452,2824333.0
31510639,31404820,1445898.0
31621151,31608784,2486743.0
31574196,31573823,682111.0
31600203,31573823,1490322.0
31512119,31510697,205557.0
31694513,31546631,306042.0
49036554,49036468,8485859.0
49036737,49036468,2692083.0
49038200,49036468,2180096.0
49038372,47456945,2182398.0
49041568,49036468,5125459.0
49044245,49036468,1987266.0
49064012,49062631,2575224.0
49064428,49036468,3503187.0
49065066,49062631,3503187.0
49079510,49060040,2107667.0
49098255,37213471,2180096.0
49098930,49081095,5946937.0
49104413,37213471,1987266.0
49122045,49113488,7803650.0
49129600,49081095,484222.0
49139108,45115860,3902270.0
49158518,49158331,5210117.0
49163144,29644916,8042095.0
49166730,48921774,1987266.0
49176772,45115860,4671615.0
49183381,46586380,9364.0
49185945,49171571,5125459.0
49205776,48942153,5125459.0
49211140,49210733,2779972.0
49217282,49216360,5645988.0
49218898,49216360,934439.0
49071077,46120795,761468.0
49102704,49100994,54734.0
49111969,49107497,54734.0
49141606,35065875,388751.0
49177177,49171571,2448829.0
49201041,49176544,2182398.0
49054858,49051663,2692083.0
49116512,49116339,6884942.0
49122202,29117570,4087243.0
49176567,49165457,2575224.0
49197747,49187093,2137316.0
49070369,49069281,4261120.0
49082212,49080999,3503187.0
49145600,49113488,5125459.0
49198499,49198200,103739.0
49228278,49227957,1768226.0
49117068,49116339,3765180.0
49147286,49113488,1987266.0
34344908,34341322,4734725.0
34357318,34341322,687515.0
34377067,34376576,397786.0
34411366,34402406,397786.0
34421297,33315965,5705686.0
34427737,34424706,2805154.0
34445035,34424706,211727.0
34455323,33556707,154527.0
34502851,34502682,5482437.0
34503672,34503547,1517410.0
34504087,34502682,3973137.0
34321340,34295221,4207875.0
34428880,34424706,635981.0
34470230,34450732,2345933.0
34439413,34439201,1773866.0
34410805,34406896,219187.0
34323509,34301614,687515.0
35465541,35465175,621583.0
35473353,31605799,225022.0
35566261,35555602,2028135.0
35570431,35549233,73274.0
35589256,35585519,5043003.0
35590175,35589045,455553.0
35617997,35617996,2028135.0
35636831,35589008,455553.0
35651076,35613841,3084239.0
35520540,34578641,981598.0
35558052,35555602,3284225.0
35593424,35409492,2028135.0
35609762,35600997,1325207.0
35614007,35613841,141172.0
35614254,35613841,7831.0
35652303,35600997,559289.0
35502444,35501600,1811501.0
35449835,35441660,3391371.0
35634098,35632607,1428554.0
35614201,35613841,2199.0
35642027,35639882,18044.0
43306723,43125393,2461073.0
43353325,43319806,7803650.0
43358215,40936597,252344.0
43361965,30213456,4018558.0
43376051,43374386,2575224.0
43380198,43379048,645002.0
43384610,43384538,1163423.0
43384951,43384538,7803650.0
43398103,43384538,1873380.0
43434704,43382402,1070291.0
43438102,42769855,3163427.0
43455148,43424176,484041.0
43462287,43460615,7187607.0
43463781,25812816,1082449.0
43477971,43132158,5338391.0
43495630,43446605,4247860.0
43500339,43497790,484041.0
43513842,43512572,2450403.0
43515759,43426699,4247860.0
43518463,41809373,3301043.0
43353033,43328943,7803650.0
43379577,43378165,1018659.0
43384670,43383125,2575224.0
43452024,43440170,48229.0
43471569,43460615,1018659.0
43501440,43497790,1882.0
43518981,43378986,4247860.0
43308147,43306842,1277048.0
43378616,43378165,7347425.0
43379724,43379048,1018659.0
43384694,43383125,140925.0
43484270,43465704,7803650.0
43493563,43476908,4596432.0
43498801,43498534,613198.0
43517345,43515765,7598462.0
43341941,43340819,5300093.0
43505717,43502357,69798.0
43520452,43515150,1062217.0
43427397,43426699,2575224.0
43386163,43369008,6997262.0
43408686,41609091,4596432.0
43419184,43418403,7803650.0
43477602,43476908,1599681.0
43490667,43489589,2138959.0
43395893,43395580,1773866.0
43321125,39467200,5112433.0
43493883,43492974,2575224.0
43398704,43396744,2575224.0
43434849,43418403,1070291.0
47337425,34357893,7434902.0
47347013,47335582,7994751.0
47351304,47324184,1692830.0
47352310,47335455,4795665.0
47357236,47357038,6603816.0
47363721,47343439,1773866.0
47379489,47379427,242042.0
47379504,47379427,4108590.0
47391200,47380189,5766732.0
47449687,29117570,1348631.0
47472033,47451190,4623280.0
47473115,36407520,5962766.0
47490868,26706240,590335.0
47492029,47486390,5294769.0
47509733,38931315,771768.0
47521336,47479663,1256914.0
47449434,42741917,1348631.0
47474261,47465212,4323754.0
47528693,47527983,3605090.0
47543088,47529688,2308683.0
47535175,47515021,6261137.0
47367196,47366889,3465318.0
47402241,47398736,93960.0
47465223,47461815,161457.0
47339947,47330878,2349963.0
47349174,47348422,727078.0
47383486,47380189,14663.0
47452915,47451612,1549165.0
47532868,47516458,329660.0
47431034,47427629,484041.0
47469531,47469430,4478968.0
47507727,47474453,499930.0
47448633,47329630,5077196.0
51346642,51312346,122718.0
51383106,51282283,5338243.0
51383960,51282761,9231144.0
51384401,51250307,2992754.0
51389782,51368809,3744900.0
51390353,51386591,256245.0
51400256,51379968,188138.0
51406144,51392666,3094805.0
51410943,51386591,1008568.0
51417133,51416552,26849.0
51417830,51416552,1430428.0
51420644,51419192,2185829.0
51423750,51423358,5211519.0
51425366,46425554,412446.0
51427278,51422290,4085968.0
51431404,39485459,7138807.0
51432586,50830715,6465223.0
51433928,51428155,7959661.0
51434516,51191291,185907.0
51434734,48882829,185907.0
51434938,51408476,185907.0
51443150,51433860,7959661.0
51446312,46425554,4252764.0
51451942,51421205,2448829.0
51457768,45099677,3921040.0
51468101,51463528,5766732.0
51472708,51463528,5336549.0
51475272,51433860,4085968.0
51483057,51469118,4085968.0
51486849,48906817,523949.0
51489029,51371678,3440152.0
51489196,51481780,6515149.0
51495571,40936597,3296815.0
51500763,51477318,6641561.0
51502169,51425111,185907.0
51502278,51498267,185907.0
51521360,51520654,1162233.0
51522747,51520654,5766732.0
51525298,51524648,6244560.0
51525322,51524648,9977800.0
51531598,51520654,1018659.0
51532114,51531230,66686.0
51382269,51382040,8074614.0
51394950,45789168,1599792.0
51419441,51419192,4457053.0
51425447,51425111,1162233.0
51426495,51362482,4931.0
51491340,51491162,6244560.0
51492917,49999709,3791707.0
51518876,51515839,7770145.0
51542467,51515839,2933686.0
51340849,51227737,8253209.0
51380173,51368809,5492716.0
51532388,51532187,5330223.0
51406920,51392666,2185829.0
51411688,36026454,9361992.0
51428040,51422793,1585136.0
51498410,51498267,4091597.0
51512149,51511923,1430428.0
51420294,51419192,7824581.0
51392430,51388064,1933452.0
29889356,29888108,3674793.0
30057614,29731394,1490322.0
30064597,30000824,3945268.0
29835674,29821391,48229.0
29889816,29888108,466215.0
30057307,29924248,1490322.0
30057444,29787063,1490322.0
29834133,29825744,364098.0
30057181,30053782,1490322.0
29888762,29888108,61164.0
31912466,31912285,2090555.0
31916653,31573823,2030468.0
31747265,31717615,4633996.0
31773549,31764926,1490322.0
31792720,31764926,4101793.0
31832250,31801057,5193614.0
31833886,26866479,4739075.0
31840297,31047564,1773866.0
31868288,31845342,2867409.0
31897619,30213456,458370.0
50300803,50284055,1667256.0
50300985,50284055,484444.0
50308263,50289914,7803650.0
50310260,50289914,3572733.0
50310268,50289509,3572733.0
50320476,50314370,218441.0
50324856,50324219,9762816.0
50329049,50328886,2422185.0
50329381,50320908,2768407.0
50338690,50334652,1127677.0
50344648,50338845,218441.0
50346250,50328886,9150059.0
50347993,49384819,3256618.0
50359491,50265973,5695522.0
50359674,50338845,5695522.0
50359802,50324219,5695522.0
50365277,50361821,4816065.0
50374486,50340234,2619748.0
50381061,50380259,9663586.0
50382200,50344525,8236137.0
50393066,50389344,3607513.0
50395716,50392109,1054558.0
50400493,50400384,2267817.0
50400650,50400384,3811080.0
50400667,50400384,1174543.0
50402055,42918707,1189369.0
50402658,50401105,1196458.0
50403956,50390452,4085968.0
50407291,50405838,2674303.0
50409064,50328886,4763788.0
50422104,36129008,4441045.0
50428902,39615381,1335720.0
50431196,50427036,151312.0
50432324,29434226,0.0
50436006,50434941,495796.0
50439755,50438873,629323.0
50441327,40574379,8340963.0
50443399,50310975,5790498.0
50449581,50448620,8927944.0
50449895,50438873,109251.0
50450933,50448620,9521610.0
50451714,50448620,8078899.0
50453226,43983286,2636199.0
50466235,50454109,2580686.0
50468340,50454109,4085968.0
50477929,50415015,5787099.0
50484827,50484157,5446671.0
50489906,50397998,4938460.0
50495323,50484157,4085968.0
50401159,50401105,6368697.0
50448499,50439512,9521610.0
50307383,50295779,9277971.0
50310125,49875284,2143547.0
50313593,50312750,3572733.0
50313596,50312750,9690151.0
50367107,50363538,1008424.0
50394184,50392109,1623678.0
50412312,50410038,3256139.0
50425947,50417003,4085968.0
50441531,50435154,54734.0
50442608,50406887,5790498.0
50499259,50455134,225022.0
50444540,50435696,2575224.0
50500195,50499849,7152019.0
50444179,50435154,2575224.0
50484673,50484505,1326913.0
50392341,50387947,5668795.0
50456150,50454109,5551200.0
25600920,25600580,2067527.0
25601048,25600580,10272.0
35677367,35673254,499466.0
35677573,28581644,489363.0
35682767,30027545,5984714.0
35699419,35684313,745574.0
35726606,34094882,4447859.0
35730229,35730116,2862892.0
35733293,35730116,5984714.0
35762423,35743527,5787829.0
35766821,35743527,5437346.0
35804522,30648096,3794523.0
35875626,35875489,1087837.0
35883457,35882330,2587435.0
35758794,35361819,4651827.0
35776050,35772518,2730527.0
35819395,35817536,4190526.0
35747024,28319278,569662.0
30594638,30583466,1683873.0
30608350,30583466,1490322.0
30622678,30621628,4144997.0
30656291,30648096,3380763.0
30688753,30173267,25191.0
30736593,30732982,1870884.0
30778271,30772774,53686.0
30623424,30621628,97614.0
30637374,30213456,471199.0
30706767,30649582,35306.0
30755076,30739851,49241.0
30674056,30648139,18706.0
44916759,44274982,3705491.0
44928327,44901467,944230.0
44972440,39485459,3501052.0
44985750,44980176,2741393.0
44986075,44984823,8086746.0
44990549,44980176,4950528.0
44996936,44996290,54734.0
45004022,45002471,6309.0
45005940,45002471,2575224.0
45010782,44758955,5545789.0
45022463,42949138,640404.0
45025263,45023334,7122593.0
45039580,45031529,143919.0
45053331,45052215,7840440.0
45053896,45047011,5766732.0
45057076,45052239,1720180.0
45072218,44097193,8037904.0
45072914,45072041,2575224.0
45077929,45072041,4247860.0
45090526,44977364,3457809.0
45093029,44392569,64833.0
45093913,44977364,39094.0
45096226,45095183,2575224.0
45108515,42353292,8309218.0
44905910,44902847,6512567.0
44939368,44927532,54734.0
44966711,44965110,1463860.0
45013246,45007694,2448829.0
45024543,45023334,5280105.0
45025741,43326844,5756241.0
45058590,45056729,344669.0
45088674,45088519,53788.0
45116062,45115860,1061579.0
45121183,45111662,2833802.0
44941512,44936115,2575224.0
44941653,44941218,1111215.0
44967535,44965110,6694629.0
45047143,45047011,4247860.0
45084339,45080886,4799185.0
45114036,45111662,2575224.0
44929611,44923182,2575224.0
44940512,44939302,2619508.0
44964707,44946517,93960.0
44975676,44949367,7959661.0
45015799,44988481,4247860.0
45073247,45058457,2575224.0
44990562,44988481,839733.0
44906269,44905869,6512567.0
45014749,44998425,4247860.0
32908073,32887039,5371736.0
32933013,32778803,3719412.0
32955061,30800908,516439.0
32970468,32945623,4633996.0
33071719,33041733,1376205.0
33082343,33078422,1376205.0
32908208,32838312,1376205.0
32979576,32889746,1958672.0
32997137,32996097,280244.0
33034312,32831192,173677.0
33070672,33059557,1376205.0
32910715,32831192,1376205.0
33034039,33033834,821786.0
33034122,33033834,465223.0
33034734,33033834,412763.0
33042544,33041733,1807118.0
32933621,32470907,3719412.0
30143656,28997963,1665452.0
30261821,30237292,1490322.0
30093348,29924248,3477712.0
30200678,30116581,261354.0
30210860,30116581,1439597.0
30289168,30288968,1133649.0
30238516,30209442,1490322.0
30198367,30173267,1490322.0
30203787,29636094,1154144.0
30274963,30267737,1116391.0
30218830,30213456,775345.0
30286661,30286443,6309.0
30213907,30213456,2448829.0
30298347,30296587,53686.0
28878080,28828573,717065.0
28897056,28767707,1604152.0
29058201,28581644,2140327.0
29077723,29071226,2448829.0
29078036,29071226,4638482.0
29108891,28581644,3992665.0
28937375,28930710,99248.0
28931364,28930710,6932.0
28936852,28930710,70386.0
28945103,28942614,266795.0
28976675,27007353,4009451.0
28932366,28930710,469356.0
41257360,33187526,6270875.0
41259378,41188108,6172009.0
41265652,41262716,5917104.0
41277096,41019199,3684493.0
41278185,40238733,736571.0
41278269,40010594,736571.0
41297592,41285879,138553.0
41302690,41285879,173677.0
41319275,40586946,1491439.0
41344628,41285879,362483.0
41344713,41262716,362483.0
41347642,41270649,7200353.0
41351532,38863827,6707582.0
41351988,40495213,5704961.0
41363417,41358754,13070.0
41424000,41400158,7188703.0
41453584,41431506,5043003.0
41464518,41127782,307797.0
41263233,41262716,3966892.0
41319161,40586946,1344649.0
41323452,40495213,1062217.0
41379078,40495213,6775223.0
41382318,40815723,991458.0
41289674,41287712,4106392.0
41327882,41270649,362483.0
41436024,41408847,138553.0
41277617,41247817,736571.0
41255354,41247817,3991067.0
41352045,41329351,138553.0
38976381,38974070,2463453.0
38976850,38970723,1387612.0
38993386,38966184,6380313.0
39027368,38507565,1568605.0
39056700,38687434,48767.0
39073680,39056199,6380313.0
39086533,39071178,569662.0
39098772,39068073,6329755.0
39099191,39096701,2650743.0
39118838,39118038,4564449.0
39129498,39126827,2729470.0
38943549,38820356,1440706.0
38968189,38964840,6380313.0
39019804,39014049,1074097.0
38992379,38989659,613628.0
39120389,39118038,1318694.0
39047675,38975554,4849191.0
39136774,39135928,917336.0
39139869,39139313,6380313.0
38978296,38966184,2461073.0
28632796,26854986,621686.0
28686312,28664781,3689902.0
28729731,28727632,2147218.0
28755746,27891019,355742.0
28809667,28607400,4613227.0
28635258,28635179,1789724.0
28706750,28607400,4567456.0
28729714,28727632,499466.0
28828273,28767707,4481395.0
29158306,22513893,4633996.0
29161298,29117570,2067527.0
29305684,29303048,1202421.0
29151784,29071226,3667162.0
29152337,29148547,1259109.0
29138354,29128437,966211.0
29162755,29117570,317384.0
31989715,31973473,4633996.0
32014151,26331854,476648.0
32018126,31962345,2862892.0
32071406,32071088,4691620.0
32141927,31801057,1336680.0
32168162,32167881,3555845.0
39197360,39126827,4675269.0
39199462,39134238,4469944.0
39243217,39224930,93960.0
39253046,35289988,5882097.0
39260553,39260387,2809427.0
39284771,37150273,6681806.0
39325321,39323491,1791065.0
39356828,39348995,569662.0
39367669,39364901,2770306.0
39368793,39358842,569662.0
39371422,39367722,1513980.0
39374979,39306577,2461073.0
39173025,39172786,1375316.0
39370040,39369856,2099148.0
39278457,39268365,2770306.0
39306954,39305118,6722089.0
39344369,39343694,1556338.0
39337900,39323769,225022.0
39312634,39305118,6720449.0
39377147,39364466,57695.0
45607236,45597395,2979749.0
45611769,30800908,5810390.0
45612149,45579511,2833802.0
45623046,45547556,6785908.0
45626743,45626670,1653870.0
45630633,45629284,2979749.0
45631293,45547556,1421918.0
45637100,39485459,2587036.0
45640432,44928556,2587036.0
45645641,45644454,185723.0
45648854,45648115,3625317.0
45651519,45625886,4695271.0
45652827,45625886,200445.0
45654140,45642575,2979749.0
45655861,45625886,1202421.0
45672384,39622142,8456816.0
45679551,45673863,2692083.0
45680515,45673863,6794249.0
45689120,45559979,2885735.0
45698759,45547556,3794466.0
45699299,45698451,6619757.0
45710209,45667346,683327.0
45710460,45655728,683327.0
45713804,45642575,683327.0
45719270,45547556,936676.0
45721620,45667346,5183024.0
45730402,29644916,683327.0
45730794,43850359,683327.0
45731062,39485459,683327.0
45735523,45559979,1303612.0
45737104,45735971,1213560.0
45738606,34722107,4922426.0
45751682,45751211,2152061.0
45758154,45757001,301607.0
45765864,45755580,2203890.0
45770673,45688730,6720449.0
45771589,45771237,1422297.0
45790785,45779616,2575224.0
45791626,45791262,7683711.0
45793223,45782033,2979749.0
45812798,42873668,683327.0
45812961,45431599,683327.0
45813460,45554704,6586594.0
45598949,45598647,3888162.0
45604579,45534252,8443180.0
45624415,45515650,6184468.0
45649461,45648115,4850916.0
45661246,45661006,30674.0
45667795,45666983,3834036.0
45762702,45762128,1981471.0
45777570,45776238,4648046.0
45631274,45622414,2833802.0
45637540,45637090,1727132.0
45657278,45655728,3834036.0
45660610,45655728,2979749.0
45769284,45766604,8344202.0
45779733,45779616,8456816.0
45623462,45622414,1720180.0
45683169,45682321,7959661.0
45731900,45729153,1773866.0
45776534,45776238,551932.0
45805326,45630225,905031.0
45771508,45771097,1422297.0
45790928,45789168,2575224.0
45598961,45598647,4081910.0
45627425,45626777,3839944.0
45605406,45592666,6997262.0
45637736,45637090,1549165.0
45695249,45695032,1223719.0
45766622,45766604,5568405.0
48398038,48397327,3342866.0
48410872,48384182,393157.0
48415574,48370641,1987266.0
48426100,38786207,4870176.0
48432561,48095718,2673284.0
48443868,48441868,1987266.0
48456001,48440783,307795.0
48463220,48437842,5495508.0
48465066,48464383,1921678.0
48465228,48464383,262742.0
48473695,48457264,9172232.0
48477726,47555732,619830.0
48479181,48473966,7337938.0
48479385,48479325,6569205.0
48482668,48482639,80911.0
48482671,48482639,3103616.0
48482824,48482639,622589.0
48485325,48483491,2575224.0
48488845,48487563,7554328.0
48495582,48493849,1987266.0
48503552,42691892,45935.0
48511013,46476437,1341905.0
48515814,42691892,1987266.0
48520630,48515460,1556338.0
48525633,48515460,7369238.0
48526839,43542042,9290333.0
48537764,48536106,2692083.0
48544421,48531937,1695906.0
48549725,48540114,2575224.0
48568566,48549944,9296335.0
48577436,44305351,7588987.0
48598364,47050984,1849429.0
48601646,46131196,4314527.0
48607158,48604664,1014789.0
48607382,48604664,605153.0
48610844,48604664,2979749.0
48506986,48505946,1987266.0
48525337,48505946,7369238.0
48423522,48419410,7131757.0
48472324,48460986,1987266.0
48474073,48473966,2575224.0
48515185,45869766,4151266.0
48516468,48515460,8052214.0
48553461,48549944,6938128.0
48572281,48571805,454533.0
48461673,48460986,122718.0
48459864,48458627,2575224.0
31265475,31047564,128734.0
31296397,31295897,3417449.0
31380636,28767707,2528649.0
31398297,31201083,5027222.0
31412954,31404820,257027.0
31446929,31404820,1018659.0
31470592,26975640,1445898.0
31470741,28339882,1445898.0
31471273,30288968,1445898.0
31471421,30649582,1445898.0
31474001,31412249,1445898.0
31474393,31342583,1445898.0
31474803,31206417,1445898.0
31480191,31088764,476648.0
31321082,31317470,290338.0
31473745,31468806,1445898.0
31449601,31449013,1075051.0
31475366,31342583,990946.0
31479208,31313170,623894.0
31416571,26331854,1260174.0
49250000,49226141,1987266.0
49256664,49252691,2448829.0
49269429,48984289,1885419.0
49270019,38230495,385257.0
49288792,45622414,9494288.0
49291648,48804675,2890048.0
49302816,49302010,9428851.0
49305614,49284804,2979749.0
49309867,49308482,159388.0
49314108,49284804,1987266.0
49320013,49260669,3719412.0
49320250,49198914,3719412.0
49334214,26866479,1007494.0
49347883,49345233,1561140.0
49350736,49349235,2692083.0
49359712,49353369,7932461.0
49361326,49324723,7173575.0
49379038,49377817,2692083.0
49388385,49175047,438853.0
49390884,49390064,6180803.0
49407842,48153334,4636126.0
49408475,49349235,1987266.0
49418409,39763013,2853820.0
49420937,49395113,7369238.0
49443255,49292843,2870572.0
49449547,31161436,1689965.0
49450233,45400096,1987266.0
49270517,49252691,1987266.0
49302134,49302010,3019956.0
49314520,49176544,7452828.0
49355304,49273441,2353652.0
49359861,49349235,7932461.0
49385378,49349235,3134112.0
49443648,49443206,949067.0
49252779,49226015,7803650.0
49264962,49264474,152997.0
49275687,49242181,6158863.0
49288362,49284804,5125459.0
49306132,49302010,2979749.0
49352820,49344182,832671.0
49355796,49352887,5028275.0
49450759,49450592,0.0
49336501,49334373,1240763.0
49361788,49349235,2461073.0
49445282,49443206,243991.0
49423978,49421760,2575224.0
49463333,49377817,8858255.0
49477029,49476498,303810.0
49498566,49488573,7347425.0
49499481,49482516,840563.0
49504651,43041563,1549165.0
49510193,49482516,4274374.0
49535308,49393058,2972326.0
49537130,49536369,318097.0
49537155,49536369,54734.0
49563892,49561411,7199068.0
49580791,49580394,32880.0
49589816,49588249,465223.0
49595896,49584617,7932461.0
49595990,49576208,7932461.0
49609010,49606124,9224959.0
49609493,49606124,92359.0
49610636,49607242,7932461.0
49612302,49531349,4120554.0
49616741,49606124,728812.0
49620772,46002727,600082.0
49622918,49606124,1987266.0
49624832,29761872,3152904.0
49626621,49573552,5584992.0
49638459,49638004,1849837.0
49651838,49650746,7636295.0
49668766,49666398,2726496.0
49486253,49486062,5787829.0
49494004,49490466,8735568.0
49509924,49502594,88122.0
49535462,49534740,2575224.0
49602824,49600833,3719412.0
49613070,49612911,91403.0
49613124,49612911,4120554.0
49638448,49638004,4085968.0
49643105,49640387,1987266.0
49661550,49659871,6142412.0
49500474,48406730,69348.0
49536601,49536335,2525304.0
49559845,49559239,1240763.0
49617615,49615519,2900196.0
49642861,49610008,3503187.0
49654179,47571761,167945.0
49506728,49488573,983476.0
49584841,49584617,1435755.0
49485328,49469599,0.0
49525322,49525246,2160958.0
49640072,49637598,8381946.0
49490515,49486062,6708961.0
49473285,35065875,337735.0
36638557,36615117,2509773.0
36659672,36573857,6077549.0
36674676,36615117,1979483.0
36688990,36680157,1215076.0
36690164,36681094,6207983.0
36713635,36694873,5520136.0
36717494,36698706,630.0
36719332,36716838,569662.0
36742743,36291878,2635359.0
36750559,36719045,1167907.0
36780850,36137802,6237559.0
36795052,29460485,1987373.0
36798750,30908725,1987373.0
36646101,36645517,1804618.0
36646714,36642718,2448829.0
36689667,36660279,569662.0
36698543,36573857,310298.0
36719901,36719045,4856939.0
36762806,36744042,6048742.0
36818740,36812791,1376205.0
36689269,36680157,569662.0
36715821,36715395,1807118.0
36629825,36627628,4343722.0
36645418,36642718,569662.0
36731132,36705199,59563.0
36762076,36744042,0.0
36638726,36638486,1597656.0
36646154,36645517,2315544.0
36701558,36701111,1807118.0
36795717,36775802,225022.0
36645880,36645517,4545506.0
36742722,36705199,5136650.0
36741586,36705199,122718.0
51545224,44704629,185907.0
51545260,39228311,185907.0
51545361,46920685,185907.0
51545456,46404449,185907.0
51548195,51542629,263902.0
51555275,37915326,773616.0
51555535,51463258,3652817.0
51569171,50702676,403098.0
51574315,51505849,6676444.0
51580595,51545971,7147666.0
51584465,51530578,606006.0
51589821,51541318,549372.0
51593422,51593335,1987266.0
51593567,51593335,789646.0
51593776,51593335,1087479.0
51594625,51579626,1240763.0
51600236,47793065,6521702.0
51623630,51602270,256770.0
51627420,51623293,1235935.0
51627875,51627473,6565093.0
51630837,51579626,6050113.0
51650000,51623293,10169530.0
51650113,51615385,10169530.0
51650291,51602388,10169530.0
51650446,51584078,10169530.0
51650694,33399988,1402270.0
51654489,51651248,10169530.0
51654752,51641688,6692043.0
51657223,51541318,3949518.0
51658637,44458709,5922344.0
51666145,51664743,5894758.0
51673582,42648060,3165903.0
51674964,51673608,527533.0
51679289,51665264,5209103.0
51685386,33399988,1087479.0
51687833,51541318,1087479.0
51694225,51454135,1087479.0
51694365,50531553,1087479.0
51696113,51682257,10178900.0
51699776,26616962,1162274.0
51705094,50310975,1087479.0
51705654,39015444,1087479.0
51726797,51726515,636018.0
51734423,51670858,243782.0
51734998,51733502,311455.0
51738585,51737931,3648282.0
51568933,51558885,2459094.0
51576241,51566509,1162233.0
51588848,51586999,3243156.0
51611752,51610138,6236211.0
51654920,51512075,10169530.0
51742089,51726683,4077247.0
51557017,51515839,3058302.0
51580557,51578263,1773866.0
51590632,51566509,455493.0
51603630,51557001,5965430.0
51612158,51578263,6236211.0
51682446,51679363,605153.0
51711364,51697673,9524052.0
51733885,51733502,185907.0
51566032,51552739,6775560.0
51649939,51634486,10169530.0
51589476,51541318,4851565.0
51614359,51603557,6415199.0
51614476,51613104,9419680.0
51598031,51573236,1044264.0
51734663,51734002,7554328.0
51676847,51676756,6171211.0
51588964,51566509,2575224.0
51653674,51542197,329660.0
45825460,45820257,3641203.0
45831710,45830528,5446211.0
45834606,38071714,8423162.0
45840705,45771237,683327.0
45850854,45847796,8218029.0
45853867,45853546,478399.0
45854054,45853546,6839338.0
45861114,45855433,8494783.0
45867817,37938389,895295.0
45870706,45853546,2575224.0
45878440,45853546,2702730.0
45883282,39967784,5627271.0
45934952,45929864,8200937.0
45938616,42062199,6167785.0
45970675,45964527,3604315.0
45977929,45928269,248534.0
45998284,45820257,8509906.0
46011852,35409492,1042429.0
46031440,45992134,1572269.0
46036970,46021905,2575224.0
45870528,45866422,2575224.0
45884835,45534252,2821011.0
45921617,45886359,7600667.0
45923778,45917894,93960.0
45945174,45934621,2472282.0
45952589,36461493,4937438.0
45977484,45964545,2979749.0
46034510,46031939,2575224.0
45935685,45751211,8289628.0
46007266,44946517,8549708.0
46034482,46031939,1369651.0
45848305,45848118,3800170.0
46023092,46022865,183201.0
45870338,45869766,717732.0
39389726,39388560,3748349.0
39405919,39405067,2929562.0
39436977,39414913,526592.0
39458754,39450504,1112317.0
39462284,39395503,6621458.0
39465714,39044130,2068211.0
39476600,39476480,2929562.0
39476974,33165216,2631119.0
39500385,39224930,1572439.0
39534297,39485766,4210830.0
39590137,39589556,601311.0
39610847,39457873,69798.0
39618273,39561186,3432386.0
39450433,39435028,189849.0
39451607,39450504,1897897.0
39460014,39450504,2910628.0
39475510,39044130,64852.0
39595506,39593580,54734.0
39605743,39604499,455493.0
39406048,39338259,6270875.0
39557114,39555686,51560.0
39562606,39561186,1384539.0
39426473,39425569,5421671.0
39425599,39425569,37213.0
39617032,39591223,2461073.0
39416543,39416301,4734725.0
40588065,40556757,5946937.0
40591419,40585401,411632.0
40594822,40542220,4849191.0
40613609,40586946,2068211.0
40620387,40518729,883644.0
40650818,40645778,4850916.0
40650918,40645778,569662.0
40666811,40657733,6793312.0
40669959,40669943,6785908.0
40671890,40671392,5946937.0
40674105,40660163,1147385.0
40686784,40685900,4849191.0
40704769,40645778,2461073.0
40733965,40733857,3364697.0
40746214,40735590,6896299.0
40764867,40760397,3950758.0
40775838,28500066,7202641.0
40564677,40564595,1508736.0
40594642,40564979,4849191.0
40610571,40564979,484222.0
40706043,40691082,1662299.0
40739881,40735590,5613927.0
40740751,40719381,1766224.0
40702659,40702179,3477322.0
40720762,40719381,411632.0
40685465,40660618,1721437.0
40688281,40688160,2494262.0
40586032,40585401,42119.0
44451332,44435017,6555593.0
44452714,43340819,213861.0
44453850,41903352,7672402.0
44457270,44455242,5946937.0
44460536,44460206,209103.0
44466351,44464660,3234163.0
44474418,31165181,1434854.0
44484579,44274982,2328781.0
44486519,44038536,2328781.0
44486636,44115310,2328781.0
44486976,44000273,2328781.0
44487153,43927492,2328781.0
44487635,43661844,2328781.0
44488178,43440170,2328781.0
44507037,44503321,37481.0
44507999,44502869,7236501.0
44509739,42836979,954643.0
44540825,44540545,608058.0
44554715,44554638,2313300.0
44554834,44554638,7959661.0
44564382,44554638,3768367.0
44564677,44535853,3768367.0
44571980,44571838,6412102.0
44576070,37461203,6077549.0
44581341,44579396,4883718.0
44587084,39967784,5127392.0
44588445,41024771,5127392.0
44601753,44597832,2220997.0
44603862,44601394,8099995.0
44612071,44610425,4883718.0
44626314,42484087,2830461.0
44630069,37180375,5554070.0
44631822,44625192,6654077.0
44633389,44619634,6654077.0
44633959,44619634,8170564.0
44662091,42836979,670908.0
44665294,39920488,8191435.0
44667817,44067979,4247860.0
44667929,44655441,2575224.0
44466352,44458709,3652853.0
44481552,44471051,4006629.0
44503569,44503237,1380111.0
44503927,44503237,3913366.0
44511731,44503321,31288.0
44590273,44579396,7959661.0
44591206,44585239,146325.0
44625770,44625192,7897191.0
44632177,44626450,6654077.0
44632796,44610219,6654077.0
44633149,44602525,6654077.0
44641943,44564299,7668132.0
44617319,44582199,4883718.0
44656768,44642751,54734.0
44460055,44456131,1538039.0
44484835,44484346,2989411.0
44522088,44521929,1747018.0
44557017,44495957,608058.0
44669114,44651737,520359.0
44240716,44082917,2182398.0
44243798,44241320,932728.0
44260764,44253950,5946937.0
44266416,35441660,4018558.0
44275087,44274982,2458858.0
44283214,30286443,429476.0
44285756,42002512,7730443.0
44315281,44274982,2498986.0
44328380,40216362,108826.0
44346532,44343697,837953.0
44348404,40216362,3717445.0
44348659,44301997,3717445.0
44348736,44265295,3717445.0
44349939,44346827,2575224.0
44351769,44331178,1008568.0
44363406,35751630,966698.0
44363962,44360649,1369651.0
44368412,44096281,4247860.0
44370371,44361901,1240763.0
44386652,35751630,6662689.0
44394545,44394119,2615075.0
44405759,44404941,8012737.0
44417988,44416904,1018659.0
44438506,44420585,4820834.0
44442100,44435017,5704961.0
44221499,36157778,1371188.0
44302578,44301997,2509773.0
44326822,44313956,569662.0
44348518,44313956,3717445.0
44397565,42392789,5679917.0
44410238,44395806,620288.0
44296434,44198061,4849191.0
44360596,44355294,1070291.0
44414798,44414323,1094246.0
44417852,44416904,5557256.0
44216383,44216244,112079.0
44305609,44305351,4266957.0
44357857,44350408,5816337.0
44384147,44360649,2575224.0
44310769,30213456,8098437.0
44433117,44432985,5168007.0
44427134,44420585,6998715.0
46083772,46069921,2833802.0
46094421,46061589,4795665.0
46096291,46067821,1585136.0
46097706,46094734,85785.0
46103700,26706240,1135424.0
46120540,46115104,662796.0
46133851,46131443,4326068.0
46147193,46065028,727495.0
46151027,46117792,2575224.0
46163153,46153057,5281340.0
46171272,46131443,5449250.0
46175088,46171533,2575224.0
46178242,46178051,1773866.0
46178254,46178051,2428802.0
46178634,46143509,5810894.0
46191547,45085790,8601835.0
46195863,46193708,6643803.0
46211908,46206775,2575224.0
46237295,46185971,8120884.0
46237965,46230643,607033.0
46239247,46236744,2575224.0
46258582,46247154,3427243.0
46174890,46171136,2575224.0
46188800,46185813,707451.0
46196089,46190467,54734.0
46201276,46199874,54734.0
46215730,41335071,6798706.0
46233896,46190467,589490.0
46133689,46131196,252344.0
46111062,46092604,2575224.0
46182794,46180957,1490322.0
46241104,46240289,6546584.0
46195998,46190467,8537987.0
46242482,46240639,6546584.0
46077596,46067333,3423520.0
46111361,46110222,2575224.0
46099037,46098754,626692.0
46155060,46154092,484041.0
23056484,22513893,569662.0
48210031,48209566,8581432.0
48210953,48209566,9181003.0
48211078,48209566,2448829.0
48216539,48208376,2448829.0
48249562,48241005,2371715.0
48251134,48251083,150771.0
48263018,45579511,4186022.0
48271809,48271493,574103.0
48277198,48271960,2575224.0
48277611,46247154,3197297.0
48278847,48277437,6512567.0
48282058,48279479,54734.0
48289416,48279479,5125459.0
48295960,48295080,4478047.0
48296715,48294450,2575224.0
48306796,48294450,5125459.0
48313998,48308464,2575224.0
48315497,48296421,7369238.0
48328438,48327939,6151939.0
48339766,48338676,2575224.0
48341508,48338676,9131933.0
48358985,48344922,9244861.0
48376996,48347363,5946937.0
48387453,48209566,1472222.0
48392086,48363883,6878028.0
48396610,30213456,1987266.0
48216116,48209566,2575224.0
48276180,48261542,5946937.0
48328106,48327939,6151939.0
48330862,48271493,9113457.0
48373974,48370641,5125459.0
48374296,44203398,2741462.0
48396755,48374452,1987266.0
48251176,48251083,2092686.0
48272159,48269479,93960.0
48283791,48279479,2575224.0
48296472,48294450,4513685.0
48387677,48370641,2575224.0
48389596,48385783,9172232.0
48361510,48361365,2223111.0
48341678,48341375,1919879.0
48203197,48201224,2575224.0
48343262,48341375,2575224.0
38002018,37662379,1009448.0
38009473,38006427,569662.0
38049395,38048683,4723795.0
38084850,37793364,3496419.0
38123573,38121112,3670737.0
38126712,38125926,4495081.0
38021363,37555434,427995.0
38041666,37897058,301957.0
38123603,38121112,5426333.0
38191400,37684678,4278915.0
38210255,38186942,5932.0
38049471,38049329,2650743.0
38057892,38049329,54734.0
38063749,37897058,777263.0
38079238,35368503,1067260.0
38089232,38045423,6520963.0
38099639,38099204,4811873.0
38122005,38106036,569662.0
38184619,38178535,569662.0
38200052,35531784,1821792.0
38224343,38224152,6309.0
38169115,38164006,471955.0
38079681,38071714,6268377.0
38165449,38164006,854207.0
38049314,38048683,6419039.0
38052377,38049334,1744774.0
38182593,38172510,6380313.0
38201589,38168658,5766732.0
38168816,38168658,981598.0
31064917,30995669,899937.0
31097694,31097306,3315474.0
31097808,26975640,595943.0
31104530,31046924,934439.0
31104733,31104540,200291.0
31124042,31104540,1490322.0
31142723,26975640,836887.0
31153961,31141688,3477712.0
31191807,31190685,1075511.0
31226614,29731394,1931740.0
31135842,31135664,4236078.0
31216228,31206417,290962.0
31095296,31095177,752918.0
31154138,31097306,3477712.0
31103500,31044380,934899.0
31110967,31104540,151350.0
47565915,33125508,1121825.0
47567587,47566892,5440084.0
47570822,47552159,5381825.0
47580339,44455242,6323947.0
47590473,45225151,6037500.0
47593412,47474453,8918241.0
47615684,38071714,9045498.0
47622756,47613318,5229274.0
47624185,47622392,856498.0
47636478,45559979,4446877.0
47636539,47527983,3031010.0
47641445,47641231,168179.0
47641885,42499778,4560215.0
47646191,47633268,7565450.0
47647683,47647560,2739147.0
47648193,47647560,1826943.0
47649137,47647560,2989136.0
47653516,47650139,2575224.0
47655524,47527983,1410512.0
47655947,39839881,4446877.0
47662596,45212459,4916192.0
47673579,47656406,6053621.0
47683994,47656406,9064076.0
47714865,37180556,633721.0
47607400,47607210,365237.0
47735417,47730089,577181.0
47757398,47757342,520275.0
47555433,47554214,54734.0
47581262,47544877,8908524.0
47634625,47630891,672453.0
47634884,45524591,7346048.0
47643757,47630168,1181621.0
47750854,47748434,1006964.0
47637105,47630168,4280615.0
47671588,47656406,2575224.0
47573866,47572543,4060708.0
47716739,47716674,1278880.0
47556096,47554214,2575224.0
47558018,47554214,329660.0
47552733,47552159,3624390.0
28115445,28114758,1240763.0
28139969,26616962,559504.0
28115457,28114758,2756547.0
28119575,28112290,4488449.0
28116209,28112290,1857571.0
42190733,42190315,2756547.0
42200951,41115982,101662.0
42201275,42199241,613198.0
42212607,42199241,5281340.0
42217509,42216713,3435918.0
42219096,42199241,7369554.0
42219938,39690815,2758537.0
42238598,42237967,3363019.0
42241404,42230797,809122.0
42264997,36291878,5281340.0
42281785,42250009,1883842.0
42294730,30286443,1515568.0
42295020,42073576,3731823.0
42323669,36144330,1812436.0
42339417,42331661,1543502.0
42344302,42344020,2833802.0
42355702,42354108,4009517.0
42358795,42356195,4495081.0
42377347,42375333,2152061.0
42179717,42178648,3199595.0
42238330,42237967,1318694.0
42244969,42240919,1062217.0
42301537,42289439,702954.0
42332981,42332938,155666.0
42333139,42332938,932728.0
42333335,42331661,4495081.0
42337411,42332737,672453.0
42200054,41800036,8160856.0
42217551,42216713,2127492.0
42319492,42311050,5043003.0
42361987,42360790,4495081.0
42206788,42204181,4623280.0
42377847,42353292,138553.0
42379452,42379365,596285.0
42380108,36792713,491265.0
42314386,42281634,5281340.0
28324983,28319278,1085343.0
28325197,28319278,1572767.0
28339738,28319278,412763.0
28350490,28329738,47110.0
32532010,28500066,2149706.0
32538059,32529742,4571787.0
32549820,32532736,680318.0
32550474,32532736,416850.0
32608114,32604241,167874.0
32649268,28607400,2293072.0
32535464,32534401,1869933.0
32578061,32574103,18044.0
32482744,32481469,3146801.0
32530833,32529742,1919879.0
32594200,32574103,2862892.0
41021955,40938756,5121282.0
41067467,41067341,1810962.0
41085582,41082938,1757320.0
41087125,41082938,54734.0
41096734,41094112,510615.0
41120469,41036545,7215932.0
41139920,41041058,1020694.0
41150359,38786207,1303612.0
41153429,41123857,6720449.0
41162375,41036545,166589.0
41163830,41155377,173677.0
41183772,41036545,1785022.0
41186364,41164987,93960.0
41199101,41161769,7200353.0
41227788,41171413,1387080.0
41032153,37409153,5471259.0
41041171,40988204,1646449.0
41042345,41027573,4214037.0
41152420,41036545,59501.0
41243005,35065875,248922.0
41019800,41019199,2679750.0
41074619,41036545,2153459.0
41086797,41086281,7134058.0
41086984,41086281,12890.0
41110500,41036545,3087974.0
41208344,41188108,6538763.0
41222113,41194679,173677.0
41124005,41036545,532383.0
41049369,41008507,5582337.0
41061949,41039545,173677.0
41019645,41018981,809198.0
47977313,47975940,8470712.0
47985987,34402406,4469944.0
47987235,42372431,6298906.0
48005414,47145930,3826210.0
48013962,47934052,6203524.0
48021163,47837207,7873775.0
48056373,48019661,0.0
48059594,48055121,3327350.0
48062058,47915099,3965249.0
48084964,47282162,4074186.0
48097317,36832219,7581163.0
48098155,48097374,2863995.0
48124895,48124856,3209508.0
48132731,47938835,697630.0
48134960,48134800,6309.0
48143328,48141031,2575224.0
48149646,48143008,4623280.0
48157043,48144298,5125459.0
48160611,48143008,2308683.0
48163027,48134800,7803650.0
48168572,48167778,2575224.0
48176393,29644916,2857250.0
48178463,48043523,790070.0
48005205,48004725,5746249.0
48005770,48004725,2575224.0
48014192,48008198,4495081.0
48072658,48071720,8254500.0
48146303,48145352,2087854.0
48181267,48180454,8060293.0
48006082,47934052,1773866.0
48145061,48144298,2575224.0
48161082,48160266,7803650.0
48175056,48172337,9172232.0
47995400,47992254,4495081.0
48063531,48062134,6603816.0
48182099,48181477,2575224.0
35034143,34316241,1555545.0
35039332,34841789,4194942.0
35044157,35040975,1723204.0
35068936,35039565,420797.0
35082841,30173267,35306.0
35001828,34586306,70386.0
35177012,35172625,1259109.0
35179588,35179495,4379098.0
35200403,35198346,5766732.0
35003219,34973135,4849191.0
35114283,35113957,1055866.0
35136015,35135884,229154.0
35185616,35179495,687515.0
35166533,35065875,2444610.0
35140751,35140042,238639.0
33135799,33125508,1408085.0
33149230,33125508,4633996.0
33180751,33180090,1347422.0
33198375,33187526,1811877.0
33209702,33202053,35306.0
33289093,33287495,2730527.0
33306085,26529567,2187087.0
33309141,33308154,4631789.0
33310482,33308154,4498917.0
33336404,33335786,980929.0
33176842,33165216,1376205.0
33213217,33202053,219187.0
33305409,33228178,2187087.0
33223644,33194778,1376205.0
33352043,33308154,5110123.0
33179601,33179127,3686982.0
33187727,33179127,3748349.0
33128889,33118913,18044.0
27470942,27470721,171956.0
27515280,27470721,1056539.0
27439325,26331854,2711152.0
27552117,27489124,28779.0
27595184,26866479,1135241.0
38464221,38460678,5613927.0
38477839,38466167,6004963.0
38506383,38504315,569662.0
38518756,38508387,6092247.0
38571214,38565470,3174766.0
38575873,38471362,6228827.0
38577041,38576865,2116518.0
38577075,38576865,527152.0
38597492,38554037,2461073.0
38614493,38614201,569662.0
38614586,38614201,1558694.0
38619869,38615132,6380313.0
38624600,38507565,1098564.0
38655460,38647186,2463453.0
38661628,38627025,4664675.0
38674999,38629237,2461073.0
38689735,38687434,1411407.0
38473862,38461294,6410092.0
38501827,38492388,569662.0
38603412,38507565,1425432.0
38500228,38480000,5946937.0
38508707,38508387,569662.0
38554679,38554037,5047634.0
38629978,38629740,1170677.0
38632200,38629237,569662.0
38633732,38633023,397677.0
38514581,38511443,1695906.0
38560767,38554037,6380313.0
38518517,37864255,4007992.0
38511669,38511443,5017586.0
38461732,38461294,3787750.0
38510554,38507565,93960.0
37531851,37413626,287085.0
37539152,37521011,1413614.0
37574051,37509121,6396846.0
37584831,37509121,69798.0
37604914,34020234,2865144.0
37615449,37615250,3070052.0
37624088,37615250,6053621.0
37653306,37632735,789756.0
37663053,37634349,10039.0
37686214,26616962,6436657.0
37704801,37697171,1808649.0
37707506,37706697,5154683.0
37744577,37632735,563323.0
37685730,37679132,2730527.0
37719638,37662379,5265836.0
37738299,35113957,320036.0
37751415,37750547,5247279.0
37756358,37749087,248392.0
37538872,37537605,6309.0
37620681,37617556,4849191.0
37754440,37750638,68725.0
37754798,37749087,68725.0
37679792,37679132,587406.0
37739156,37738759,858913.0
37684265,37684053,3108853.0
37739680,37739538,816620.0
37741582,37699062,484041.0
38238643,31190685,1734279.0
38239273,29591967,1734279.0
38254916,38254720,4516837.0
38255609,37254914,1320510.0
38257195,38197629,4849191.0
38363541,38352227,6351322.0
38372151,38328727,209602.0
38403712,38403001,567016.0
38420959,37749087,1804802.0
38431852,38254720,5919046.0
38435768,38435582,3407841.0
38445452,38440876,559504.0
38291862,38070572,6295784.0
38326772,38297333,6380313.0
38406666,38397672,69798.0
38433758,38265103,630786.0
38454598,38453830,569662.0
38457717,38453830,6380313.0
38275308,38178208,1189444.0
38297545,38297333,138200.0
38400318,38389706,190446.0
38446944,38440876,786662.0
38377456,38377156,135589.0
40340939,40205675,1371639.0
40363496,40233978,2669112.0
40363720,29830038,2669112.0
40371531,36832219,4963003.0
40378111,40377377,3955200.0
40378158,40377377,6212879.0
40378258,40377377,5033475.0
40381178,40377076,6785908.0
40384519,40377377,2669112.0
40384789,40383122,2669112.0
40403140,40377377,2461073.0
40437082,40436389,93960.0
40442271,35639882,1641868.0
40446700,40446036,4850916.0
40454286,38922420,7111919.0
40454812,40436389,5613927.0
40473207,30649582,92822.0
40498760,40485481,1499936.0
40499707,40496999,1547817.0
40502380,40458770,2889165.0
40516283,40495213,6317376.0
40539879,39791667,148998.0
40543462,40539447,1228454.0
40332675,40296029,2152602.0
40381402,40377076,4391429.0
40393872,39998701,1608389.0
40425478,40422613,2669112.0
40454364,40447582,2669112.0
40454375,35875489,7111919.0
40525635,40525468,3640655.0
40467492,40467382,7105559.0
40491573,40479926,187365.0
40334073,40333799,1705598.0
40419161,40413453,2669112.0
40438762,40429027,6896299.0
40484902,40458770,204699.0
40445003,40233978,7111919.0
40449678,40447582,1916386.0
40436971,39088230,1997056.0
40483258,40469391,184883.0
51136868,50986816,2317794.0
51140741,50986816,523949.0
51152171,51150957,1162233.0
51157985,51138147,65681.0
51170203,50350198,2211841.0
51172411,51071363,1818664.0
51178562,51173039,59563.0
51207103,51206924,1895073.0
51207490,51206924,3994193.0
51223871,51175627,1573556.0
51224799,51224374,1763458.0
51232172,51224374,1018659.0
51238154,51238009,587285.0
51241753,51238009,4085968.0
51242272,50964458,2438446.0
51249977,51249515,122718.0
51264790,51173039,9956374.0
51269114,51259786,2512121.0
51269214,51189616,9210480.0
51277800,51277418,2448964.0
51281914,51272560,4413905.0
51286494,51280734,9364971.0
51289779,51284332,1773866.0
51289878,51285225,4085968.0
51295138,50775206,2847283.0
51297738,51292640,1987266.0
51297862,51280734,1037682.0
51297878,40807355,9211684.0
51298287,51280734,2029079.0
51299100,40737349,8374067.0
51303355,51300620,7188539.0
51312439,51312350,3201784.0
51312914,51312350,2241134.0
51317735,51317424,1584390.0
51320923,51314434,4696508.0
51131298,51123104,4158442.0
51171017,51170392,10025674.0
51207008,51206924,4187707.0
51233220,51189616,116020.0
51251726,51242037,1113542.0
51277940,51277418,5674723.0
51317141,51304242,9779490.0
51317693,51317424,6309.0
51150066,51143213,7803650.0
51238338,51238009,2185829.0
51262748,51227737,3197055.0
51293499,51292640,7341759.0
51299006,51280734,1153276.0
51304582,51304242,1192702.0
51200539,41036330,1213525.0
51266797,51242037,7959661.0
51250035,51248930,6785908.0
51304364,51300620,5613927.0
51158091,51153850,199551.0
51295349,51227737,8253209.0
25924002,25812816,1569531.0
25965771,25965275,1177991.0
25982865,25824957,885981.0
25975337,25974964,25282.0
36842139,36840448,3636071.0
36913941,36858626,596041.0
36945628,36877722,1376205.0
36970975,36957369,5136650.0
36981085,36913462,2083957.0
36994200,36954140,1008336.0
36841798,36840448,2448829.0
36886961,36871886,569662.0
36997985,36988921,564005.0
36918179,36570654,6200718.0
36961391,36957369,6077549.0
36841420,36832219,3228566.0
36847592,36844842,569662.0
36896502,36896418,70386.0
22514501,22513893,1471109.0
37307830,36599435,2069069.0
37337183,37336871,2686927.0
37340094,37336871,4495081.0
37371477,37289487,839733.0
37397771,37395986,4454969.0
37397777,29704842,2745810.0
37400186,35862481,1861733.0
37426013,35441660,705288.0
37428398,37427976,212211.0
37451750,37427976,6384271.0
37453805,37389481,851749.0
37508534,36571963,569544.0
37463072,37461203,6077549.0
37433465,37403682,6380313.0
37524899,37523631,3834478.0
37324653,37289634,1231064.0
37446494,37445823,2225281.0
37459888,37457765,6345090.0
37446529,37445823,3225108.0
37531235,37528335,1078565.0
37406120,37405221,1915448.0
30333532,30273152,199551.0
30334904,30288968,1490322.0
30452220,30449278,6430.0
30460406,30449278,1413416.0
30498763,30496218,1420921.0
30460582,30449278,205557.0
30496924,30496218,1420921.0
30457982,30449278,4495081.0
30441546,29117570,697630.0
30423183,30422184,588267.0
26251381,26247474,412763.0
26377936,25812816,4144700.0
26231059,26218391,3931985.0
26272901,25812816,3280180.0
26211361,25812816,459185.0
44000525,44000273,2691904.0
44000693,32529742,4018558.0
44032235,44029177,7803650.0
44033963,44021110,5557256.0
44034314,44000273,5557256.0
44043719,35890054,1638626.0
44050081,43144337,3347394.0
44051917,35890054,5557256.0
44057173,44056521,2197837.0
44060713,44060464,107744.0
44061512,44060464,6998715.0
44061772,44060464,1766831.0
44063627,44050579,3515174.0
44072144,44065208,569662.0
44075028,31525237,979772.0
44077303,44060464,7803650.0
44085030,44084744,6115442.0
44102527,43598939,2754712.0
44115144,44114755,5314440.0
44115679,42353292,8029230.0
44120407,44117865,54734.0
44125013,44124914,1743971.0
44129954,44129347,6911633.0
44130741,43850359,3154883.0
44133188,44129347,7527624.0
44145237,44124914,6679072.0
44147382,44131588,6998715.0
44147868,43440170,7875136.0
44152915,44148076,1369651.0
44169116,44169046,3167751.0
44170803,44169046,7803650.0
44172078,44170365,2575224.0
44172246,44157540,3819362.0
44178524,44177783,7897191.0
44186630,44181863,3717445.0
44186865,44169046,3717445.0
44187496,44181863,7803650.0
44187811,44177107,7803650.0
44189176,44169046,5557256.0
44195440,44195150,1840857.0
44200194,44183595,1312383.0
44202052,44167052,2176572.0
43997071,43979597,3318419.0
44021575,44000812,4053652.0
44058386,36775802,1638626.0
44133284,44131588,569662.0
44145066,44124914,5557256.0
44145491,44113228,6679072.0
44147529,44115310,6998715.0
44162345,44161386,2833802.0
44000168,42204181,4018558.0
44046857,44038536,93960.0
44086121,44083919,527533.0
44127237,44124914,2575224.0
44129294,43792085,7707749.0
44145918,44113228,2962068.0
44188493,44183595,7803650.0
44195514,44195150,2512399.0
44060488,44060464,1144035.0
44062101,43290480,2698552.0
44077597,44043159,7803650.0
44104451,44085454,6998715.0
44107228,44105840,6223149.0
44186908,44186109,7509168.0
44117645,44114755,3717445.0
44065288,44063886,4473822.0
44085976,44085454,527533.0
29439190,22987482,703951.0
29445953,28930710,4172877.0
29461584,29460485,899937.0
29499219,29479454,1318669.0
29593474,29591967,4412230.0
29594631,29460485,2633566.0
29387411,29387250,368186.0
29592288,29591967,1373063.0
29592221,29591967,899937.0
47760947,46615008,697630.0
47765910,44996290,2986984.0
47767970,47766808,2992754.0
47768360,36570654,7773227.0
47793673,47793065,5580140.0
47798007,47276560,6687135.0
47805785,47736658,3784008.0
47829287,45996858,2914454.0
47834208,47833668,484041.0
47836584,47727201,7758750.0
47838552,47566338,8012379.0
47889560,47889115,1951392.0
47894284,47888172,918608.0
47898626,45489456,181363.0
47923189,40222469,7878274.0
47929409,47918407,365444.0
47930838,47915158,181556.0
47934098,41262716,5679071.0
47943273,47916614,837953.0
47951913,47939726,2461073.0
47957268,47939451,9110949.0
47957286,47939451,9110949.0
47972107,47971020,4230468.0
47780640,47774291,1813696.0
47807382,47804267,3514821.0
47855635,47837207,8145116.0
47859164,47837207,2706190.0
47860379,47860278,6768051.0
47919908,47917777,2575224.0
47922151,47922096,6565093.0
47816698,47774291,697630.0
47828859,46370014,2914454.0
47835677,47835162,5641244.0
47841642,47680711,2575224.0
47894341,47889886,918608.0
47939981,47938835,2778422.0
47768881,47767993,6664886.0
47935703,47935575,1685098.0
47935761,47935575,6767450.0
47958456,47957575,5165332.0
47920156,47918407,2575224.0
47885884,47885225,3314232.0
47908821,47908754,1426227.0
47885548,47885225,3783718.0
47765542,47765389,182660.0
38699198,36876367,2061133.0
38700409,38698109,2125973.0
38708545,38697565,5919046.0
38712133,38711908,1384539.0
38725271,38615132,1319512.0
38728607,38711908,54734.0
38738076,38737317,4334448.0
38790888,38786207,1172945.0
38824948,38812779,6084005.0
38834352,38764797,5043003.0
38856063,38855867,5739282.0
38872672,38872460,596285.0
38872713,38872460,3437606.0
38872720,38872460,5321002.0
38900048,31468806,5985566.0
38734817,38734740,301650.0
38735567,38734740,1915448.0
38901924,38889466,258813.0
38864136,38863827,18044.0
38712542,38711908,2650743.0
38790741,38790603,3828818.0
38790799,38786207,5371736.0
38890401,38889466,1919879.0
38859368,38858550,2650743.0
46702593,38461294,6350474.0
46717306,46717204,4325657.0
46728455,46725906,1163329.0
46738307,46677030,8772625.0
46746347,46744067,7866105.0
46748095,46744067,2375843.0
46751926,46696171,462242.0
46758538,45794390,2613577.0
46760110,46746885,1176867.0
46764397,46764158,1443084.0
46784703,46783912,56050.0
46798450,46746885,484041.0
46817875,46813736,613256.0
46820017,40734086,882912.0
46825057,46824730,3739382.0
46826115,46804482,5766732.0
46838655,46813736,1176867.0
46845684,46828175,7458937.0
46855555,46850814,7791521.0
46885136,42062199,4795613.0
46902419,40574379,2431766.0
46785825,46783912,7834803.0
46803713,46803321,1237490.0
46812123,46807757,1331539.0
46823234,46822414,8798730.0
46829993,46829594,1891959.0
46848496,46807757,1047711.0
46904188,46892720,840409.0
46759831,46759745,1176867.0
46825394,46824730,927493.0
46692058,46689798,6679072.0
46724453,46724191,2445864.0
46818262,46813736,983064.0
45151384,45146319,7803650.0
45151605,45146319,453005.0
45151694,45111662,1018659.0
45169030,45168622,2851412.0
45176024,45174891,1240763.0
45177810,45170527,569662.0
45178100,45176450,1078565.0
45180062,45179621,1141658.0
45183089,35065875,260491.0
45223413,45145109,1676006.0
45223515,45215621,783510.0
45237997,45236389,4950528.0
45242921,45241581,2575224.0
45247086,45243781,8193592.0
45261124,45255905,54734.0
45275167,45255905,2575224.0
45289186,45275679,1018659.0
45294505,45293123,5165332.0
45296187,44115310,5877779.0
45301780,45301310,1531124.0
45327732,45326767,2300013.0
45331450,45321939,94311.0
45340865,43700824,8373549.0
45340970,45325062,665163.0
45358216,45311236,614355.0
45176301,44433488,7357186.0
45177680,45177029,2933977.0
45203376,45203055,70465.0
45222591,45212821,520359.0
45237124,45236389,2509773.0
45273188,45270983,5655665.0
45300627,45300410,8225146.0
45337551,45334075,7959661.0
45339150,45321939,54538.0
45168754,45168622,22237.0
45180136,45167593,54734.0
45208903,45208766,1271230.0
45232259,45208766,1884431.0
45302251,45301606,5823946.0
45312151,45302887,1018659.0
45324640,45311236,1620475.0
45330497,45325062,2300013.0
45335922,35065875,661464.0
45349190,45349101,7237224.0
45213098,45212821,465223.0
45275256,45270940,2575224.0
45298191,45278205,1246623.0
45186977,45174891,1035691.0
45170945,45170527,7683711.0
45351270,45351222,1531124.0
51746955,51220369,4088857.0
51747071,51740873,4088857.0
51762524,51755653,1773866.0
51769891,51767389,4085968.0
51770887,48190148,7256738.0
51775241,49612709,185907.0
51781892,51779798,2692083.0
51785752,51726515,7256738.0
51786928,51786390,6864688.0
51794775,51794404,3570659.0
51797037,38380827,3994207.0
51797196,38380827,6448656.0
51798424,51726683,1135424.0
51801828,51726683,2863995.0
51809369,51808975,1668328.0
51809524,51808975,1802221.0
51810737,51786390,1162956.0
51825020,51726683,5787099.0
51835952,51835569,1166880.0
51840406,51829581,9705485.0
51843030,51842460,4088857.0
51853499,51726683,624831.0
51855227,51855075,7588475.0
51856096,30213456,8521434.0
51857354,51855075,3802507.0
51861631,51861095,2692083.0
51861722,51861095,185907.0
51864173,51827636,185907.0
51869516,51868586,2692083.0
51888028,51149979,6269864.0
51889862,51149979,112544.0
51893670,51861930,1608389.0
51894741,51863914,9705485.0
51899301,51878195,9892073.0
51908780,51908605,6872018.0
51911851,51911797,3182406.0
51915110,51911797,2692083.0
51915247,51868586,362483.0
51917453,51916102,1490322.0
51918508,51918410,6872018.0
51927515,51926575,4516110.0
51929500,51926575,2575224.0
51930934,51929079,4088857.0
51935619,51932126,5084982.0
51939847,51923607,889053.0
51752999,51734131,4589993.0
51775873,49612709,1043824.0
51801461,51799330,2863995.0
51810218,51810147,1802221.0
51810635,51799330,1162956.0
51829660,51829581,1322957.0
51835645,51835569,1744718.0
51858270,51855075,10008173.0
51916054,51911797,4469944.0
51926752,51926575,4469944.0
51932898,51932616,1045142.0
51934420,51932616,9187876.0
51747958,51454764,3773888.0
51827794,51827636,5465007.0
51875794,51863731,9705485.0
51907935,51907715,2863995.0
51916127,51916102,0.0
51926055,51924926,4088857.0
51934542,51934410,1753823.0
51784069,51783877,2172731.0
51808788,51808718,10105518.0
51858114,51781316,5613927.0
51889585,51889526,1531124.0
51938157,51936401,4088857.0
51799435,51798009,9705485.0
51844454,51842770,9688659.0
51918172,51918125,4469944.0
34056038,34049118,354577.0
34098582,34094882,444646.0
34164081,30237292,5656005.0
34242396,30288968,2797186.0
34278617,33431076,2544732.0
34159154,34158847,1384539.0
34207595,34163944,4237127.0
34067912,34043861,2058014.0
34093690,34077752,3174766.0
34132879,34094882,205557.0
34191246,34180115,3301370.0
34093199,34077752,2069069.0
34159170,34158847,706456.0
34178870,34109946,5659036.0
40794815,40786831,973324.0
40796079,40733857,973324.0
40811287,40807126,6067741.0
40841133,40840470,5318465.0
40846729,40840470,2461073.0
40851218,40829959,5037437.0
40851766,40784804,2730527.0
40852041,40737349,5037437.0
40874136,40856925,5037437.0
40877368,40876048,1397648.0
40910943,40910259,93960.0
40928401,40927853,2133695.0
40939976,30908112,7242956.0
40949247,34604106,6625860.0
40973622,40960601,1603357.0
40990159,39428356,56470.0
40998352,40960054,6077549.0
41003595,40457443,5582337.0
41009097,40918134,2194364.0
40825216,40807355,93448.0
40906233,40890804,5752362.0
40988683,40988204,5917104.0
40833400,40832097,571407.0
40934717,40932850,2683814.0
40967940,36083504,1599619.0
40972366,40966759,2695.0
40889846,40884616,6084589.0
40939981,40938088,3083223.0
41010663,41010290,5917104.0
40838311,40837178,6173350.0
40965842,40947247,138553.0
40940497,40930432,2756547.0
40969635,40960054,5946937.0
40961203,40960054,5850301.0
33407393,33399988,3931985.0
33521905,33399988,3391371.0
33524446,30027545,463052.0
33475967,33465577,4332.0
33479036,33478131,4332.0
33578647,33399988,4174962.0
33578905,33556707,4174962.0
35913782,35838016,4413603.0
35929199,35928639,597473.0
35933932,35304113,777263.0
35940200,35926145,2862892.0
35969684,31044380,777263.0
36009851,35890054,1300227.0
36019928,35820780,1325185.0
36057246,36049030,1254810.0
36064890,36049030,3044418.0
36083665,36080524,3962935.0
36087103,36080524,1359650.0
36088078,36080524,5227053.0
35913471,35913253,4413603.0
35913794,35913253,569662.0
36081993,36080524,6078553.0
36129279,36129008,1128459.0
35918549,35914674,1064151.0
34749915,34730542,639172.0
34767836,34767582,4276238.0
34842920,34841789,2318810.0
34854997,34841907,1930087.0
34864744,34841789,484902.0
34889455,34889229,2416049.0
34904774,34903605,1807118.0
34920141,34889229,5299885.0
34925858,31573823,595943.0
34929594,34909182,2633566.0
34973901,34973165,1989009.0
34776126,34774290,2448829.0
34789450,34774290,236719.0
34797992,34660949,1319595.0
34752735,34406896,4171405.0
34809745,34794630,540339.0
34904942,34903605,1393484.0
34810240,34794630,70386.0
33659605,31190685,317522.0
33677717,33669733,2448829.0
33712146,33706599,1376205.0
33717950,33712470,542270.0
33775792,33772776,219187.0
33811647,33805449,2448829.0
33818507,33814080,202694.0
33660445,33659658,3634591.0
33767266,33763271,4296747.0
33660690,33659658,1416035.0
33662057,33041733,317522.0
33680942,33680497,1281407.0
33712542,33712470,608820.0
33815134,33780962,5583403.0
33678191,30213456,317522.0
33758450,33726653,1238739.0
37766848,30621628,6454082.0
37811586,37806128,1811106.0
37818868,29591967,1475228.0
37838485,37439039,569662.0
37865112,37864491,2448829.0
37869695,37849739,6218003.0
37876524,37864491,69798.0
37876587,37864255,69798.0
37877602,34586306,2188593.0
37896888,37864491,1805551.0
37899934,37897876,51560.0
37904222,37662379,6484682.0
37912448,37662379,2987916.0
37921274,37915326,225022.0
37924190,37889067,569662.0
37926534,37693542,1122270.0
37937728,37936588,1894196.0
37987198,37985551,3018055.0
37989992,37989803,1643661.0
37990326,37989016,3536548.0
37995316,37989803,3340702.0
37783829,37715757,1558694.0
37833504,37830008,569662.0
37857015,37830008,225022.0
37857198,37854185,5903220.0
37991553,37977210,569662.0
37819991,37793364,1200057.0
37828764,37806275,69798.0
37939456,37906461,4469944.0
37940757,37939567,2576531.0
37828818,37801454,2195638.0
37842520,37839701,2730527.0
37945071,37944398,2594725.0
37990118,37985551,687515.0
37947082,37946486,3833773.0
36418526,36400599,421753.0
36439313,31546631,1411407.0
36439578,35756663,1411407.0
36460278,36415988,3477712.0
36535745,36519652,6997335.0
36405941,35632607,4317945.0
36439931,36422243,2091662.0
36543127,36541906,472150.0
36576554,36571963,346478.0
36462185,36461493,3608192.0
36479595,36479452,1259109.0
36522884,36519652,6048742.0
36574652,36573857,2448829.0
36576044,36569703,1231064.0
36427278,36422243,1098564.0
36587015,36586934,390330.0
42382429,42380585,7596684.0
42383460,42375333,5281340.0
42388406,40936597,2648577.0
42393299,42393102,1226744.0
42399523,36144330,5281340.0
42399551,42397788,136598.0
42400510,42397788,4495081.0
42407670,42404800,225022.0
42411466,42400613,2061133.0
42439743,42439626,2584392.0
42455260,42353292,2461073.0
42463108,42428045,6116328.0
42467227,27007353,208581.0
42484425,42265210,3545719.0
42490900,42457900,569662.0
42491305,42457900,6400278.0
42492587,42490380,6371459.0
42495563,36792713,537647.0
42497848,42327562,29470.0
42546694,42546246,498256.0
42550705,42549749,569662.0
42553905,42527724,1387612.0
42558000,42549749,5153594.0
42570606,42487685,4032392.0
42572350,42487685,1080425.0
42572427,42487685,2772066.0
42573981,42539505,2152061.0
42606089,42582463,1277048.0
42401770,42400613,605134.0
42403878,42395345,4849191.0
42411858,36792713,3581006.0
42531423,42527724,1617419.0
42536427,42528718,54734.0
42563014,41893494,7582422.0
42581361,41609091,1079460.0
42610390,42582463,900944.0
42436024,42435307,620288.0
42450074,42449160,5613927.0
42492093,42491958,5897423.0
42493861,42478361,5613927.0
42539716,42539505,1207899.0
42607728,42607458,2903646.0
42608826,42607458,136598.0
42609903,42608033,5343387.0
42392859,42392301,5613927.0
42397131,42394690,5946937.0
42460151,42458964,7122593.0
42487772,42487685,5502802.0
42510663,42498492,2833802.0
42563610,42562820,2575224.0
42529389,42528718,569662.0
42443645,42428045,1467165.0
42571807,42562820,6763052.0
42529947,42528718,2575224.0
41944503,41942024,3192768.0
41944685,41942024,1572269.0
41944953,38023093,3163427.0
41954999,27054162,2914935.0
41965161,37405221,283388.0
41983871,41983447,13070.0
41989030,41903352,730472.0
42052770,38989659,5842523.0
42053983,40786831,138469.0
42055432,42053559,2461073.0
42063602,42062199,854207.0
42080820,42079952,5384363.0
42107357,42073576,4423889.0
42121125,41096759,2461073.0
42137517,42134186,2845061.0
42008038,42006876,2402272.0
42026596,42025000,733735.0
42027037,31088764,1092630.0
42053609,42053559,1144035.0
42060206,42046797,138553.0
42062655,42062199,4108590.0
42103720,42096392,7532041.0
42114560,42105805,7532041.0
42115759,42060090,2788883.0
42002586,42002512,2069922.0
42120435,34640611,3017785.0
42145137,42142284,4953079.0
42055559,42053559,54734.0
42118643,42115903,2152061.0
42141450,42140285,7183757.0
33826499,33805449,219187.0
33837775,33814080,2246581.0
33855579,33798965,2002557.0
33861844,32106454,2002557.0
33893798,29117570,317522.0
33933246,33926707,3719412.0
34029122,34023438,742429.0
34020707,33869866,329660.0
33853689,33805449,3719412.0
33882585,33869866,2448829.0
33951338,28942614,358804.0
33933542,31786040,132325.0
33959184,33952306,2862892.0
33853757,33798965,3719412.0
44695015,44692737,4894173.0
44720595,36157778,3410518.0
44722693,44722194,8200937.0
44738367,41655915,818321.0
44748028,43950808,7897191.0
44766593,44502869,6884373.0
44769349,44769245,1668501.0
44779637,39306577,5127392.0
44782347,44781219,1982514.0
44783208,44774754,2062634.0
44804114,44802594,2575224.0
44811693,44810758,575765.0
44814546,44785897,4317279.0
44816362,44803729,5965430.0
44831081,41762928,1447450.0
44832047,44786479,5285062.0
44840111,44839692,2575224.0
44874171,44873885,3874623.0
44874884,31088764,2633566.0
44879695,41010290,7617773.0
44888590,44886715,1877295.0
44889804,44886715,2087640.0
44894255,44893574,2702730.0
44894420,44893574,934407.0
44697966,44697767,8012737.0
44728124,44065186,5784273.0
44770606,44765491,7999894.0
44813617,44810758,72443.0
44815770,44803729,1035691.0
44882589,44870461,2461073.0
44886647,44882977,2788.0
44897315,44884316,7038809.0
44899210,36461493,983928.0
44782621,44781219,4940826.0
44873494,44870461,4623280.0
44691651,44687892,520359.0
44692113,44690557,2575224.0
44705588,44692442,2328781.0
44799428,44797253,1350880.0
44786713,44785105,6079221.0
37067693,36920620,6295321.0
37067841,36988921,6295321.0
37085791,36760694,2811078.0
37088718,35913253,5419228.0
37128799,37084619,5419228.0
37130938,36701111,944109.0
37151158,36734091,2944955.0
37203783,37180556,2394816.0
37235935,37180375,3894751.0
37247122,37246989,1220355.0
37257840,37257673,5419228.0
37267816,37219072,6285437.0
37273897,37257673,6345090.0
37282319,37143689,5310982.0
37289904,36701111,6318276.0
37066719,36582126,479900.0
37079545,36948775,4849191.0
37085731,36760694,2811078.0
37265515,35756663,2313489.0
37266608,37213471,3455033.0
37156170,37148836,2705070.0
37229239,37159662,1209187.0
37244059,37243939,6309.0
37247782,37247409,4142552.0
37154530,37143689,150868.0
37178739,37176069,6309.0
37075329,37074642,5670592.0
32247681,29830038,5210357.0
32269212,28607400,5210357.0
32269315,27865814,5210357.0
32269648,32248896,4633996.0
32304222,31190685,4836903.0
32304339,30910817,4836903.0
32375812,32373324,2448829.0
32394063,32334161,5299885.0
32394209,32334161,1725871.0
32396621,26331854,1319512.0
32409527,32369075,1376205.0
32413143,32398245,93448.0
32414168,32392202,1014079.0
32415440,31842622,1376205.0
32232567,26331854,352051.0
32241044,32217639,1490322.0
32247844,25600580,5210357.0
32249178,32248896,597222.0
32382900,32334161,5297929.0
32392765,32364506,964926.0
32395418,32392202,5300254.0
32373491,32369075,2385808.0
29692615,29689630,151350.0
29741870,29689630,2633566.0
29675451,28319278,1415751.0
29734520,29610354,1217549.0
29758910,29704842,4801939.0
29804686,29787063,4454969.0
29827127,29825744,3363254.0
29821504,29821391,1000933.0
29833991,29831699,4573668.0
29831700,29831699,3666413.0
29641803,29636094,1144203.0
29645880,29636899,329660.0
29777051,29775643,1240763.0
29830516,29830038,750117.0
29670952,29669180,1768226.0
29640822,29636899,2620515.0
29762027,29761872,899937.0
29675246,29644916,1415751.0
50095326,50065026,7803650.0
50121050,49944806,3972355.0
50125333,40972026,4325141.0
50128736,50128046,8323209.0
50129007,50128046,4516110.0
50131419,37915326,9321133.0
50141801,50139640,1110636.0
50147313,50139640,1235935.0
50157492,50154865,2992754.0
50167292,50161783,7756558.0
50169027,50134195,7756558.0
50183596,50180928,1898594.0
50189521,49588249,3398989.0
50189847,50180928,87475.0
50216048,49944806,2069922.0
50223351,50221166,9754130.0
50223532,50217813,7803650.0
50227627,50225125,7683711.0
50240404,50217813,191389.0
50245683,50111276,958616.0
50251437,50248129,1008568.0
50254151,46522304,4467001.0
50262004,50261052,9766530.0
50269392,50239555,1319512.0
50275178,50217813,9603499.0
50275948,36680157,5150013.0
50280551,50280470,309793.0
50284299,50275156,990517.0
50292946,50281965,1794497.0
50293294,50276356,2461073.0
50119793,50089242,3972355.0
50123167,50039099,1199132.0
50161170,50064156,310298.0
50174356,47071729,321356.0
50219506,50176793,1849837.0
50266052,50264214,891440.0
50266272,43350278,988738.0
50270788,50264214,5829526.0
50090687,50070895,9302325.0
50129546,50128046,9121293.0
50144589,50139640,9601266.0
50159587,50159354,4934937.0
50199140,50184065,8951344.0
50227690,50227462,3880225.0
50263768,50261052,2168941.0
50266263,50265973,945214.0
50279094,50278841,1240763.0
50280545,50280470,2695.0
50295236,50176793,5551200.0
50155005,50154865,9601266.0
50262458,50070987,4723005.0
50240283,50239555,9274514.0
50276745,50275156,59563.0
50295316,50248560,2570241.0
50140722,50122851,1585136.0
50270588,50270206,9586409.0
